-- MySQL dump 10.13  Distrib 8.0.26, for Linux (x86_64)
--
-- Host: localhost    Database: ozon
-- ------------------------------------------------------
-- Server version	8.0.26-0ubuntu0.20.04.2

/*!40101 SET @OLD_CHARACTER_SET_CLIENT=@@CHARACTER_SET_CLIENT */;
/*!40101 SET @OLD_CHARACTER_SET_RESULTS=@@CHARACTER_SET_RESULTS */;
/*!40101 SET @OLD_COLLATION_CONNECTION=@@COLLATION_CONNECTION */;
/*!50503 SET NAMES utf8mb4 */;
/*!40103 SET @OLD_TIME_ZONE=@@TIME_ZONE */;
/*!40103 SET TIME_ZONE='+00:00' */;
/*!40014 SET @OLD_UNIQUE_CHECKS=@@UNIQUE_CHECKS, UNIQUE_CHECKS=0 */;
/*!40014 SET @OLD_FOREIGN_KEY_CHECKS=@@FOREIGN_KEY_CHECKS, FOREIGN_KEY_CHECKS=0 */;
/*!40101 SET @OLD_SQL_MODE=@@SQL_MODE, SQL_MODE='NO_AUTO_VALUE_ON_ZERO' */;
/*!40111 SET @OLD_SQL_NOTES=@@SQL_NOTES, SQL_NOTES=0 */;

--
-- Table structure for table `categories`
--

DROP TABLE IF EXISTS `categories`;
/*!40101 SET @saved_cs_client     = @@character_set_client */;
/*!50503 SET character_set_client = utf8mb4 */;
CREATE TABLE `categories` (
  `id` int NOT NULL AUTO_INCREMENT,
  `category_name` varchar(128) CHARACTER SET utf8mb4 COLLATE utf8mb4_unicode_ci NOT NULL COMMENT 'наименование категории товаров',
  `created_at` datetime DEFAULT CURRENT_TIMESTAMP COMMENT 'Время создания строки',
  `updated_at` datetime DEFAULT CURRENT_TIMESTAMP ON UPDATE CURRENT_TIMESTAMP COMMENT 'Время обновления строки',
  PRIMARY KEY (`id`),
  KEY `categories_name_idx` (`category_name`)
) ENGINE=InnoDB DEFAULT CHARSET=utf8mb4 COLLATE=utf8mb4_unicode_ci COMMENT='Категория товаров';
/*!40101 SET character_set_client = @saved_cs_client */;

--
-- Dumping data for table `categories`
--

LOCK TABLES `categories` WRITE;
/*!40000 ALTER TABLE `categories` DISABLE KEYS */;
INSERT INTO `categories` VALUES (1,'alias','1991-04-08 23:41:33','1994-04-21 02:48:34'),(2,'recusandae','2018-01-21 14:04:15','1972-02-01 00:03:28'),(3,'molestias','2000-03-12 16:40:23','1985-07-23 17:40:30'),(4,'asperiores','2006-07-13 06:05:06','1988-01-19 23:45:46'),(5,'hic','1984-07-07 09:25:59','2020-07-18 06:39:08'),(6,'provident','2015-02-22 13:01:16','1977-01-24 05:28:18'),(7,'quas','1996-05-02 09:44:54','1987-10-25 05:25:32'),(8,'voluptatem','2003-06-10 11:12:36','1993-02-11 02:03:25'),(9,'ducimus','1980-03-01 04:09:54','1984-09-29 17:52:27'),(10,'laudantium','1995-08-20 09:14:38','1974-08-12 04:00:10'),(11,'distinctio','1985-05-03 22:06:26','1985-02-15 12:02:20'),(12,'omnis','2014-09-08 04:28:07','2015-10-21 17:14:32'),(13,'exercitationem','2008-05-08 18:06:07','2012-06-18 15:28:13'),(14,'labore','1976-01-20 05:15:26','2012-02-12 06:54:42'),(15,'voluptatem','2010-02-15 18:31:56','2005-08-09 06:52:39'),(16,'officia','2014-06-15 06:39:41','2009-09-14 11:58:24'),(17,'est','2004-02-10 12:02:09','1971-04-06 13:43:59'),(18,'cum','1982-04-02 13:47:57','2005-10-15 18:29:34'),(19,'corrupti','2017-11-12 06:50:43','1998-06-30 06:20:08'),(20,'nisi','1970-04-04 09:30:51','1996-12-03 00:10:59');
/*!40000 ALTER TABLE `categories` ENABLE KEYS */;
UNLOCK TABLES;

--
-- Table structure for table `cities`
--

DROP TABLE IF EXISTS `cities`;
/*!40101 SET @saved_cs_client     = @@character_set_client */;
/*!50503 SET character_set_client = utf8mb4 */;
CREATE TABLE `cities` (
  `id` int unsigned NOT NULL AUTO_INCREMENT COMMENT 'Идентификатор строки',
  `name` varchar(150) CHARACTER SET utf8mb4 COLLATE utf8mb4_unicode_ci NOT NULL COMMENT 'Наименование Города',
  `country_id` int unsigned DEFAULT NULL COMMENT 'Ссылка на страну',
  `created_at` datetime DEFAULT CURRENT_TIMESTAMP COMMENT 'Время создания строки',
  `updated_at` datetime DEFAULT CURRENT_TIMESTAMP ON UPDATE CURRENT_TIMESTAMP COMMENT 'Время обновления строки',
  PRIMARY KEY (`id`),
  KEY `cities_to_country_id_fk` (`country_id`),
  KEY `cities_name_idx` (`name`),
  CONSTRAINT `cities_to_country_id_fk` FOREIGN KEY (`country_id`) REFERENCES `countries` (`id`)
) ENGINE=InnoDB AUTO_INCREMENT=101 DEFAULT CHARSET=utf8mb4 COLLATE=utf8mb4_unicode_ci;
/*!40101 SET character_set_client = @saved_cs_client */;

--
-- Dumping data for table `cities`
--

LOCK TABLES `cities` WRITE;
/*!40000 ALTER TABLE `cities` DISABLE KEYS */;
INSERT INTO `cities` VALUES (1,'unde',6,'1992-04-17 01:07:35','2021-08-14 20:58:30'),(2,'et',3,'2003-10-14 15:48:08','2021-08-14 20:58:30'),(3,'facere',13,'2008-12-26 02:03:15','2021-08-14 20:58:30'),(4,'et',18,'1998-11-06 10:01:52','2021-08-14 20:58:30'),(5,'consequatur',9,'1996-10-17 17:03:44','2021-08-14 20:58:30'),(6,'minus',10,'2005-05-09 22:41:27','2021-08-14 20:58:30'),(7,'dignissimos',2,'2002-03-27 01:03:39','2021-08-14 20:58:30'),(8,'nisi',1,'1970-07-25 23:32:08','2021-08-14 20:58:30'),(9,'fugit',19,'1995-07-29 05:01:35','2021-08-14 20:58:30'),(10,'molestiae',11,'2005-03-20 22:37:33','2021-08-14 20:58:30'),(11,'omnis',17,'1981-09-29 22:31:19','2021-08-14 20:58:30'),(12,'aperiam',14,'2008-01-15 04:26:15','2021-08-14 20:58:30'),(13,'nihil',16,'2006-10-29 20:06:48','2021-08-14 20:58:30'),(14,'adipisci',18,'2007-03-14 06:29:40','2021-08-14 20:58:30'),(15,'nobis',1,'2008-09-07 23:30:46','2021-08-14 20:58:30'),(16,'porro',12,'1981-04-18 01:05:50','2021-08-14 20:58:30'),(17,'ut',17,'1982-02-08 14:30:05','2021-08-14 20:58:30'),(18,'ad',6,'1986-06-29 10:21:05','2021-08-14 20:58:30'),(19,'repudiandae',2,'2012-01-01 15:08:16','2021-08-14 20:58:30'),(20,'sint',8,'2019-03-08 03:03:45','2021-08-14 20:58:30'),(21,'omnis',17,'1999-04-26 19:52:58','2021-08-14 20:58:30'),(22,'fuga',17,'2019-02-18 14:11:19','2021-08-14 20:58:30'),(23,'impedit',15,'1971-04-26 13:47:17','2021-08-14 20:58:30'),(24,'nam',2,'2006-05-26 04:59:58','2021-08-14 20:58:30'),(25,'aut',7,'1990-11-15 21:34:09','2021-08-14 20:58:30'),(26,'libero',7,'1977-04-23 10:09:29','2021-08-14 20:58:30'),(27,'et',16,'2004-02-14 12:09:40','2021-08-14 20:58:30'),(28,'consequatur',17,'2015-06-14 05:57:25','2021-08-14 20:58:30'),(29,'ut',15,'2017-06-12 11:47:57','2021-08-14 20:58:30'),(30,'laborum',4,'1987-10-22 20:32:45','2021-08-14 20:58:30'),(31,'reprehenderit',14,'1986-08-27 19:33:03','2021-08-14 20:58:30'),(32,'est',20,'2006-08-16 23:59:07','2021-08-14 20:58:30'),(33,'odio',15,'2019-05-04 12:14:57','2021-08-14 20:58:30'),(34,'numquam',16,'2014-10-08 00:38:29','2021-08-14 20:58:30'),(35,'aut',16,'1993-05-19 05:41:00','2021-08-14 20:58:30'),(36,'et',10,'1981-01-28 05:41:17','2021-08-14 20:58:30'),(37,'quas',20,'1983-12-13 16:26:23','2021-08-14 20:58:30'),(38,'ipsum',12,'2003-06-06 08:21:43','2021-08-14 20:58:30'),(39,'similique',18,'1995-12-30 20:31:42','2021-08-14 20:58:30'),(40,'est',13,'2019-06-12 02:26:05','2021-08-14 20:58:30'),(41,'eveniet',10,'2015-12-24 22:55:38','2021-08-14 20:58:30'),(42,'sint',11,'2018-03-23 19:19:47','2021-08-14 20:58:30'),(43,'itaque',6,'2017-09-27 00:45:05','2021-08-14 20:58:30'),(44,'voluptatem',14,'1999-06-02 21:37:58','2021-08-14 20:58:30'),(45,'laboriosam',13,'1993-04-06 12:15:29','2021-08-14 20:58:30'),(46,'voluptas',2,'2015-06-09 09:30:20','2021-08-14 20:58:30'),(47,'sed',11,'2008-09-22 05:12:36','2021-08-14 20:58:30'),(48,'placeat',8,'1982-02-03 02:45:58','2021-08-14 20:58:30'),(49,'ipsam',8,'2012-07-12 09:25:22','2021-08-14 20:58:30'),(50,'voluptas',14,'1997-12-07 06:30:46','2021-08-14 20:58:30'),(51,'voluptatem',8,'1985-03-26 18:17:16','2021-08-14 20:58:30'),(52,'sed',15,'1970-01-20 07:38:49','2021-08-14 20:58:30'),(53,'earum',13,'2005-11-13 08:11:43','2021-08-14 20:58:30'),(54,'voluptas',18,'1991-12-11 10:45:03','2021-08-14 20:58:30'),(55,'voluptatum',9,'1994-03-12 12:45:02','2021-08-14 20:58:30'),(56,'magnam',11,'1997-01-05 07:41:51','2021-08-14 20:58:30'),(57,'qui',7,'1979-09-22 13:30:33','2021-08-14 20:58:30'),(58,'delectus',1,'2009-10-26 04:37:58','2021-08-14 20:58:30'),(59,'aliquam',6,'1979-06-23 10:31:06','2021-08-14 20:58:30'),(60,'officia',7,'2017-01-17 14:35:59','2021-08-14 20:58:30'),(61,'in',13,'2021-01-01 00:12:19','2021-08-14 20:58:30'),(62,'aut',7,'2002-11-05 09:21:17','2021-08-14 20:58:30'),(63,'quia',15,'1995-03-18 11:10:17','2021-08-14 20:58:30'),(64,'ex',15,'1975-02-20 12:48:52','2021-08-14 20:58:30'),(65,'corrupti',6,'1975-12-01 09:02:36','2021-08-14 20:58:30'),(66,'et',6,'2013-11-26 09:31:48','2021-08-14 20:58:30'),(67,'velit',12,'1986-01-01 17:09:52','2021-08-14 20:58:30'),(68,'voluptas',20,'1981-08-18 07:45:27','2021-08-14 20:58:30'),(69,'tenetur',5,'1979-12-06 22:41:51','2021-08-14 20:58:30'),(70,'error',4,'1980-11-22 11:20:27','2021-08-14 20:58:30'),(71,'vel',3,'1989-02-04 08:06:56','2021-08-14 20:58:30'),(72,'dolores',4,'1986-03-06 01:35:54','2021-08-14 20:58:30'),(73,'officia',9,'2009-02-23 13:07:07','2021-08-14 20:58:30'),(74,'porro',15,'1995-07-13 11:09:20','2021-08-14 20:58:30'),(75,'nesciunt',6,'2002-06-12 15:03:01','2021-08-14 20:57:27'),(76,'sequi',3,'2012-04-18 12:49:00','2021-08-14 20:58:30'),(77,'aliquam',17,'2021-08-09 04:01:03','2021-08-14 20:58:30'),(78,'totam',15,'2018-09-20 16:16:20','2021-08-14 20:58:30'),(79,'sed',5,'1996-01-27 12:53:57','2021-08-14 20:58:30'),(80,'tempora',20,'2006-08-24 00:09:10','2021-08-14 20:58:30'),(81,'perferendis',6,'1972-05-28 22:00:47','2021-08-14 20:58:30'),(82,'non',7,'1979-11-23 09:46:23','2021-08-14 20:58:30'),(83,'laudantium',18,'1976-01-27 00:45:27','2021-08-14 20:58:30'),(84,'placeat',10,'2006-08-12 21:44:32','2021-08-14 20:58:30'),(85,'quas',13,'1973-05-24 16:07:43','2021-08-14 20:58:30'),(86,'vero',14,'2019-12-10 12:02:40','2021-08-14 20:58:30'),(87,'molestias',12,'1997-10-27 06:31:56','2021-08-14 20:58:30'),(88,'fuga',18,'2011-06-11 14:22:48','2021-08-14 20:58:30'),(89,'repudiandae',12,'1976-07-12 17:03:32','2021-08-14 20:58:30'),(90,'ipsum',5,'2001-11-04 18:59:36','2021-08-14 20:58:30'),(91,'a',7,'2001-05-21 01:45:11','2021-08-14 20:58:30'),(92,'modi',3,'1986-09-18 18:39:49','2021-08-14 20:58:30'),(93,'iste',11,'2014-07-30 23:44:02','2021-08-14 20:58:30'),(94,'maxime',6,'1973-07-26 08:23:24','2021-08-14 20:58:30'),(95,'esse',16,'2009-08-29 16:17:15','2021-08-14 20:58:30'),(96,'ut',20,'1993-06-01 20:25:10','2021-08-14 20:58:30'),(97,'dolor',13,'2009-03-05 05:03:04','2021-08-14 20:58:30'),(98,'quod',5,'1974-08-15 06:09:43','2021-08-14 20:58:30'),(99,'omnis',5,'2001-02-04 16:40:01','2021-08-14 20:58:30'),(100,'autem',11,'2000-01-26 22:06:22','2021-08-14 20:58:30');
/*!40000 ALTER TABLE `cities` ENABLE KEYS */;
UNLOCK TABLES;

--
-- Table structure for table `countries`
--

DROP TABLE IF EXISTS `countries`;
/*!40101 SET @saved_cs_client     = @@character_set_client */;
/*!50503 SET character_set_client = utf8mb4 */;
CREATE TABLE `countries` (
  `id` int unsigned NOT NULL AUTO_INCREMENT COMMENT 'Идентификатор строки',
  `name` varchar(150) CHARACTER SET utf8mb4 COLLATE utf8mb4_unicode_ci NOT NULL COMMENT 'Название страны',
  PRIMARY KEY (`id`)
) ENGINE=InnoDB AUTO_INCREMENT=21 DEFAULT CHARSET=utf8mb4 COLLATE=utf8mb4_unicode_ci;
/*!40101 SET character_set_client = @saved_cs_client */;

--
-- Dumping data for table `countries`
--

LOCK TABLES `countries` WRITE;
/*!40000 ALTER TABLE `countries` DISABLE KEYS */;
INSERT INTO `countries` VALUES (1,'cum'),(2,'sequi'),(3,'rerum'),(4,'est'),(5,'facilis'),(6,'officia'),(7,'nostrum'),(8,'et'),(9,'qui'),(10,'amet'),(11,'deserunt'),(12,'dolor'),(13,'et'),(14,'distinctio'),(15,'excepturi'),(16,'magni'),(17,'repellendus'),(18,'voluptas'),(19,'est'),(20,'autem');
/*!40000 ALTER TABLE `countries` ENABLE KEYS */;
UNLOCK TABLES;

--
-- Table structure for table `customers`
--

DROP TABLE IF EXISTS `customers`;
/*!40101 SET @saved_cs_client     = @@character_set_client */;
/*!50503 SET character_set_client = utf8mb4 */;
CREATE TABLE `customers` (
  `id` int NOT NULL AUTO_INCREMENT,
  `first_name` varchar(100) CHARACTER SET utf8mb4 COLLATE utf8mb4_unicode_ci NOT NULL COMMENT 'Имя покупателя',
  `last_name` varchar(100) CHARACTER SET utf8mb4 COLLATE utf8mb4_unicode_ci NOT NULL COMMENT 'Фамилия покупателя',
  `email` varchar(100) CHARACTER SET utf8mb4 COLLATE utf8mb4_unicode_ci NOT NULL COMMENT 'Почта',
  `phone` varchar(100) CHARACTER SET utf8mb4 COLLATE utf8mb4_unicode_ci NOT NULL COMMENT 'Телефон',
  `created_at` datetime DEFAULT CURRENT_TIMESTAMP COMMENT 'Время создания строки',
  `updated_at` datetime DEFAULT CURRENT_TIMESTAMP ON UPDATE CURRENT_TIMESTAMP COMMENT 'Время обновления строки',
  PRIMARY KEY (`id`),
  UNIQUE KEY `email` (`email`),
  UNIQUE KEY `phone` (`phone`),
  KEY `customers_last_name_idx` (`last_name`)
) ENGINE=InnoDB AUTO_INCREMENT=101 DEFAULT CHARSET=utf8mb4 COLLATE=utf8mb4_unicode_ci COMMENT='Покупатели';
/*!40101 SET character_set_client = @saved_cs_client */;

--
-- Dumping data for table `customers`
--

LOCK TABLES `customers` WRITE;
/*!40000 ALTER TABLE `customers` DISABLE KEYS */;
INSERT INTO `customers` VALUES (1,'Deondre','Hansen','ezequiel18@example.com','801.769.2133x210','1986-05-30 12:57:02','2006-01-24 08:09:27'),(2,'Monique','Grimes','elyssa81@example.com','1-938-462-0315','1986-12-05 04:32:02','1982-10-06 02:03:48'),(3,'Enola','Sipes','kfritsch@example.com','+11(7)6127328230','1972-01-11 21:34:44','2017-02-12 17:27:07'),(4,'Harvey','Veum','kendrick.langworth@example.org','1-703-050-1318x66754','2000-03-09 19:01:36','2014-11-07 18:25:51'),(5,'Ludie','Muller','shanahan.uriah@example.org','(564)365-8954x63162','2013-01-23 00:43:20','1980-08-17 06:00:09'),(6,'Wiley','Crist','hirthe.claudine@example.org','808-682-5969x976','2007-10-09 00:23:18','2016-07-18 08:57:54'),(7,'Fritz','Daniel','nklein@example.org','01651691158','2016-12-24 04:37:28','1994-09-17 18:26:08'),(8,'Amani','Bogisich','slynch@example.com','365.246.0933','2003-03-22 23:58:20','2017-02-04 02:16:33'),(9,'Margaret','Halvorson','qeichmann@example.net','(431)720-4834','1991-09-01 12:07:33','1980-03-11 05:15:15'),(10,'Arnulfo','Pollich','murray.ally@example.org','448-281-4197','2007-03-31 21:34:53','1970-03-02 06:23:38'),(11,'Ramiro','Pollich','dibbert.lori@example.com','865.196.4660x9417','1976-11-05 00:20:30','2003-02-21 15:15:03'),(12,'Bertha','Towne','wcrooks@example.net','518-649-9451x1789','1975-01-04 13:34:28','1978-06-17 07:08:02'),(13,'Furman','Cassin','braulio50@example.net','897.877.7401x1748','1982-11-11 15:00:30','2004-03-29 23:07:57'),(14,'Savannah','Treutel','zstiedemann@example.org','511-858-6521','1980-07-19 15:21:58','1974-02-20 08:08:14'),(15,'Marcel','Stark','xlehner@example.net','04971257223','1970-04-07 04:28:40','2017-11-17 15:00:22'),(16,'Cleve','Schneider','dcartwright@example.org','(134)903-4213x8015','1981-11-16 05:08:32','1993-09-13 17:46:26'),(17,'Corrine','Ledner','ruby49@example.org','1-895-640-4521x476','2004-03-04 16:10:19','1989-07-17 14:45:47'),(18,'Christophe','Yost','seamus56@example.org','+02(4)4681141026','1988-10-17 04:50:02','1976-05-06 02:54:50'),(19,'Arden','Kunze','omckenzie@example.com','(997)553-7949','2009-06-26 10:03:13','2007-10-19 03:48:40'),(20,'Monserrat','Jakubowski','skautzer@example.com','+95(9)1094812324','2003-10-03 01:57:14','1997-11-08 17:45:49'),(21,'Aubree','Lemke','blair82@example.com','618-218-7767x3803','1972-07-11 14:59:54','2010-11-15 17:46:27'),(22,'Gaetano','Kub','kailyn.pollich@example.org','295-028-5164x5097','1981-04-18 07:25:49','1986-12-08 20:09:36'),(23,'Verna','O\'Hara','vmante@example.com','1-566-475-5500x5295','1989-02-15 02:50:28','1986-02-06 12:26:43'),(24,'Alvah','Crona','vjones@example.com','229-300-7272x08847','1980-06-10 09:13:10','2006-12-15 16:58:18'),(25,'Jerrell','Luettgen','audrey66@example.org','364.489.8725','1985-12-26 20:28:20','1992-10-23 13:19:23'),(26,'Christian','Turner','schneider.millie@example.org','(416)802-3096x626','2005-10-18 12:01:53','2020-08-31 10:37:36'),(27,'Emelie','Crona','wendell.o\'connell@example.net','01844103399','1988-06-13 21:41:47','2018-08-25 18:30:23'),(28,'Shad','Bayer','treutel.palma@example.com','06012267402','1997-09-20 01:15:10','1998-07-14 07:59:05'),(29,'Angie','Schinner','qmraz@example.net','(235)740-1444x11860','1988-01-12 12:38:57','1999-08-04 21:21:10'),(30,'Johathan','Metz','franz.nikolaus@example.org','909.838.7377','1974-03-30 19:33:11','2007-09-30 02:40:51'),(31,'Lina','Glover','verner26@example.net','594-179-6238x5464','2019-03-29 21:31:32','2021-02-10 22:19:05'),(32,'Ezekiel','Price','zelma04@example.com','(505)449-0757x0580','2020-07-01 12:55:28','1988-11-05 19:33:59'),(33,'Rodrigo','Ward','deshawn95@example.org','1-680-277-9971x4801','2006-08-07 15:20:23','2002-06-24 21:02:38'),(34,'Buster','Boyer','frida.ernser@example.net','761-300-8065','2018-07-10 22:13:25','1990-03-07 07:18:28'),(35,'Kitty','Thompson','cbruen@example.org','489-754-0040x67460','2008-12-28 16:01:51','2001-05-06 06:29:12'),(36,'Johnathon','Hartmann','aisha24@example.net','616.409.4870','2018-08-26 12:15:20','2009-11-17 23:00:15'),(37,'Maribel','Hagenes','clay.klocko@example.com','1-511-562-8820x23416','2002-08-28 13:06:25','2019-03-08 11:45:54'),(38,'Kaylah','Runolfsson','margarete32@example.org','164.669.4646','1970-08-01 05:11:13','1974-10-17 07:06:28'),(39,'Jazmin','Raynor','jbeahan@example.org','(475)311-9048x13945','2017-05-20 01:10:27','1999-12-05 12:34:26'),(40,'Jennyfer','Jaskolski','dudley.fadel@example.com','053-377-2640x98694','2018-07-06 19:03:58','1987-06-22 08:26:25'),(41,'Chaz','Mann','bahringer.alfredo@example.com','+07(4)1418681890','1991-07-29 03:59:39','1974-03-30 17:40:56'),(42,'Bell','Kuhic','justina98@example.org','230.062.4055x58119','2008-09-16 13:26:01','1976-07-03 06:59:01'),(43,'Virgie','O\'Reilly','ebba.runolfsdottir@example.net','+02(1)0781653188','1984-03-07 16:52:21','1974-08-13 04:55:58'),(44,'Jules','Kuhn','champlin.quinten@example.org','405-789-5616','1985-02-20 17:10:09','1978-01-14 08:28:35'),(45,'Samantha','Medhurst','obradtke@example.org','118-915-7978x97842','1991-08-19 17:04:24','2013-02-20 03:20:44'),(46,'Eusebio','Hoeger','enoch.miller@example.net','+95(6)0170065268','1997-12-08 00:54:11','2010-10-13 18:06:44'),(47,'Katrine','Ankunding','klein.jaycee@example.net','544.645.8247x722','1971-11-25 23:49:38','2019-09-19 02:12:44'),(48,'Madie','Moore','jjacobi@example.org','(686)695-7780','1978-03-13 06:40:08','1994-01-17 09:50:43'),(49,'Otha','Beer','jakob.windler@example.com','765-994-3578','1998-12-29 15:03:40','2014-02-20 06:46:03'),(50,'Don','Boyle','wd\'amore@example.net','644.461.7081x5964','1995-09-16 10:17:14','1982-11-11 22:55:38'),(51,'Ramona','Donnelly','cheyenne08@example.com','164-968-2795x688','2000-06-06 15:20:44','2006-04-18 13:44:29'),(52,'Henderson','Cummerata','tamia72@example.net','00563629779','1981-05-10 12:38:17','2021-04-15 21:20:10'),(53,'Isai','Simonis','xboehm@example.net','+84(2)0917373304','2018-06-18 23:46:21','2004-02-19 09:03:11'),(54,'Tiara','Lubowitz','emanuel63@example.com','1-857-285-3882x197','2016-02-13 09:03:09','1984-02-03 17:05:54'),(55,'Janie','Stoltenberg','beahan.delilah@example.com','1-059-960-2277x440','1972-05-27 01:44:38','2000-08-31 04:51:34'),(56,'Melvina','Bednar','ibins@example.org','824-503-8346','2008-11-01 19:32:30','1978-10-26 13:19:25'),(57,'Noemie','Yost','jannie.nienow@example.org','05643078111','1990-02-19 01:30:16','1975-08-20 06:54:41'),(58,'Ignatius','Conn','zora64@example.com','(416)547-0640x0587','2016-05-23 07:55:29','2017-09-20 14:09:30'),(59,'Loma','Torphy','pattie.rowe@example.org','+27(9)7839972673','2002-01-19 23:12:18','2007-04-16 07:13:08'),(60,'Coralie','Jones','eusebio16@example.net','519.285.3997x7122','2010-03-01 00:42:47','1994-09-25 07:48:59'),(61,'Nicolette','Von','howe.stephen@example.com','1-277-886-8511x4117','1988-01-29 19:47:36','1972-12-20 04:01:39'),(62,'Ella','O\'Hara','marlen10@example.com','+71(9)9717020583','2017-06-13 06:05:26','1972-09-15 03:58:23'),(63,'Ivah','Hudson','smith.mariano@example.org','07018884902','1980-11-02 22:45:41','2013-05-04 12:17:35'),(64,'Wyatt','Jones','rschneider@example.org','170.042.4752x62406','1974-11-01 21:16:54','2011-01-07 11:59:54'),(65,'Aileen','Macejkovic','morar.celestine@example.com','04928355350','1999-05-01 19:20:36','2019-06-19 04:15:03'),(66,'Sophie','Ernser','karlee16@example.net','(801)272-6617x993','2011-09-01 11:54:11','2004-02-28 07:47:34'),(67,'Hiram','Jacobs','augustus.buckridge@example.com','+01(1)6348263593','2014-11-30 03:30:24','1977-05-09 01:26:59'),(68,'Sydnie','Lind','will.davonte@example.com','00131960119','1978-09-29 10:46:30','2013-06-04 10:42:10'),(69,'Lilyan','Berge','junius58@example.net','173-916-9251','1989-03-02 14:06:49','1992-11-27 16:52:19'),(70,'Cecilia','Doyle','eudora13@example.net','992-297-1538x2961','1993-11-27 23:33:31','1980-08-10 05:50:33'),(71,'Hermina','Parker','chaim.hegmann@example.net','272-941-6616','1989-07-31 07:03:21','1974-07-11 12:31:56'),(72,'Abagail','Hane','stephan.haag@example.com','842-489-8717x0408','2011-10-06 10:40:52','1976-12-24 09:48:45'),(73,'Torrey','Breitenberg','klind@example.net','713.362.9444x160','2004-04-11 07:32:06','1984-11-15 00:50:26'),(74,'Derick','Wyman','rachael.botsford@example.com','277.630.5180x70527','1982-05-10 06:26:45','1978-04-03 12:17:30'),(75,'Frankie','Bogisich','afarrell@example.net','+60(2)5118636515','2011-08-07 12:27:58','2015-07-07 15:05:52'),(76,'Daija','Kerluke','o\'hara.shana@example.net','262.740.1574x32640','2005-07-11 20:22:28','1993-02-21 19:12:33'),(77,'Heath','Buckridge','pkeebler@example.com','(276)596-9585','1986-11-01 06:26:45','1979-10-23 22:24:10'),(78,'Mallory','Wisozk','bschuster@example.net','+02(8)1830942226','1997-03-06 10:50:47','2019-08-25 13:58:33'),(79,'Hayden','West','rickey96@example.net','1-321-963-9346x3296','1999-05-08 23:53:59','1986-10-31 20:15:20'),(80,'Andreanne','Schroeder','jpowlowski@example.net','170-269-6024','2003-04-21 06:09:06','2005-05-16 17:29:11'),(81,'Magali','Hayes','jeromy.cruickshank@example.org','(604)150-0889x348','1974-10-29 06:59:37','2000-09-10 14:54:44'),(82,'Isom','Kuhn','juana19@example.com','07515318798','1976-07-24 16:35:21','1995-11-17 01:21:30'),(83,'Emmitt','Schultz','leone31@example.com','(104)464-6695x076','1998-08-03 22:33:05','2009-06-13 15:06:20'),(84,'Raphael','Becker','hazle64@example.com','1-000-958-5355','2020-12-26 20:00:22','1992-09-08 06:20:28'),(85,'Madison','Bergnaum','moen.shirley@example.net','1-902-573-7760','2012-02-28 23:54:21','2015-03-15 09:00:48'),(86,'Danny','Lynch','tankunding@example.net','(614)555-1857','2005-10-05 16:24:32','2021-05-02 10:35:54'),(87,'Samantha','Yost','beatty.liliane@example.com','(418)489-3774','2008-11-10 20:00:45','1988-03-19 21:49:03'),(88,'Reyna','Wolf','heaney.tamara@example.org','+96(9)5519150618','1999-06-23 02:34:32','1989-12-29 14:55:20'),(89,'Tatyana','Lehner','devonte68@example.com','1-482-596-2777x10737','2000-01-05 02:35:46','1988-12-10 03:08:59'),(90,'Omer','Smitham','sophie55@example.org','703-871-4398x5003','2016-04-24 03:15:42','2018-08-06 02:56:22'),(91,'Jane','Labadie','hazle33@example.com','1-202-612-9638','1990-10-12 11:53:17','2009-01-06 19:48:25'),(92,'Ericka','Dicki','lue55@example.com','01801933566','2016-11-08 04:11:20','2010-09-16 17:45:18'),(93,'Christopher','Kerluke','ko\'kon@example.org','04977688153','1991-06-04 18:26:34','1997-10-10 20:06:49'),(94,'Willis','Baumbach','willms.erin@example.com','(035)280-4075x308','2007-05-27 20:56:24','1978-08-25 16:47:34'),(95,'Lloyd','Reinger','rosemary22@example.com','(658)310-3465x910','2017-07-30 04:40:47','2010-05-15 00:39:51'),(96,'Freeda','Upton','abraham00@example.net','215.182.4085','1983-09-18 08:18:24','1982-02-02 20:11:47'),(97,'Stefanie','Hegmann','wturner@example.org','1-727-239-3772','2011-02-13 10:18:29','2004-12-26 00:19:47'),(98,'Geoffrey','Hane','dimitri89@example.org','898-863-7681x5101','2007-05-23 00:36:20','2013-04-07 15:21:50'),(99,'Julianne','Wilkinson','ukoepp@example.org','(345)192-0411x9063','2014-02-28 03:04:16','1998-02-09 11:14:25'),(100,'Alize','Murphy','ztreutel@example.com','771.590.5248x0506','1986-10-07 07:46:18','2016-12-29 17:32:18');
/*!40000 ALTER TABLE `customers` ENABLE KEYS */;
UNLOCK TABLES;

--
-- Temporary view structure for view `customers_details`
--

DROP TABLE IF EXISTS `customers_details`;
/*!50001 DROP VIEW IF EXISTS `customers_details`*/;
SET @saved_cs_client     = @@character_set_client;
/*!50503 SET character_set_client = utf8mb4 */;
/*!50001 CREATE VIEW `customers_details` AS SELECT 
 1 AS `id`,
 1 AS `first_name`,
 1 AS `last_name`,
 1 AS `email`,
 1 AS `phone`,
 1 AS `birthday`,
 1 AS `city`,
 1 AS `gender`*/;
SET character_set_client = @saved_cs_client;

--
-- Table structure for table `genders`
--

DROP TABLE IF EXISTS `genders`;
/*!40101 SET @saved_cs_client     = @@character_set_client */;
/*!50503 SET character_set_client = utf8mb4 */;
CREATE TABLE `genders` (
  `id` int NOT NULL AUTO_INCREMENT,
  `name` varchar(150) CHARACTER SET utf8mb4 COLLATE utf8mb4_unicode_ci DEFAULT NULL,
  PRIMARY KEY (`id`)
) ENGINE=InnoDB AUTO_INCREMENT=3 DEFAULT CHARSET=utf8mb4 COLLATE=utf8mb4_0900_ai_ci;
/*!40101 SET character_set_client = @saved_cs_client */;

--
-- Dumping data for table `genders`
--

LOCK TABLES `genders` WRITE;
/*!40000 ALTER TABLE `genders` DISABLE KEYS */;
INSERT INTO `genders` VALUES (1,'male'),(2,'female');
/*!40000 ALTER TABLE `genders` ENABLE KEYS */;
UNLOCK TABLES;

--
-- Table structure for table `goods`
--

DROP TABLE IF EXISTS `goods`;
/*!40101 SET @saved_cs_client     = @@character_set_client */;
/*!50503 SET character_set_client = utf8mb4 */;
CREATE TABLE `goods` (
  `id` int NOT NULL AUTO_INCREMENT,
  `name` varchar(150) CHARACTER SET utf8mb4 COLLATE utf8mb4_unicode_ci NOT NULL COMMENT 'Наименование товара',
  `category_id` int NOT NULL,
  `description` text CHARACTER SET utf8mb4 COLLATE utf8mb4_unicode_ci NOT NULL COMMENT 'Описание товара',
  `created_at` datetime DEFAULT CURRENT_TIMESTAMP COMMENT 'Время создания строки',
  `updated_at` datetime DEFAULT CURRENT_TIMESTAMP ON UPDATE CURRENT_TIMESTAMP COMMENT 'Время обновления строки',
  PRIMARY KEY (`id`),
  KEY `goods_to_category_id_fk` (`category_id`),
  KEY `goods_name_idx` (`name`),
  CONSTRAINT `goods_to_category_id_fk` FOREIGN KEY (`category_id`) REFERENCES `categories` (`id`)
) ENGINE=InnoDB AUTO_INCREMENT=101 DEFAULT CHARSET=utf8mb4 COLLATE=utf8mb4_unicode_ci COMMENT='Товары';
/*!40101 SET character_set_client = @saved_cs_client */;

--
-- Dumping data for table `goods`
--

LOCK TABLES `goods` WRITE;
/*!40000 ALTER TABLE `goods` DISABLE KEYS */;
INSERT INTO `goods` VALUES (1,'fuga',1,'Delectus non ea dolorem a id qui. Illum aut ratione vel et quaerat suscipit. Id hic iusto qui aut voluptas minus explicabo. Repellat aut eos dignissimos et magni delectus voluptates.','1980-05-14 06:17:45','2014-05-18 05:56:19'),(2,'et',2,'Sapiente et doloribus est nostrum dolores nihil. Nihil repudiandae minus et nisi aspernatur culpa ut voluptatem. Doloremque tempora tempora laboriosam velit.','2011-07-29 12:24:27','1995-11-22 06:33:02'),(3,'omnis',3,'Incidunt cum optio nihil non. Numquam libero eum quasi dicta perferendis et eos. Aut nobis vel pariatur optio.','1973-12-19 03:49:16','1987-01-09 23:59:47'),(4,'quis',4,'Accusamus eligendi vero quis maxime nulla non. Porro cumque modi nemo quia fuga. Corporis sunt perferendis voluptatibus omnis cum soluta error.','1984-02-27 12:14:55','1974-03-18 15:55:03'),(5,'est',5,'Hic non et possimus quasi sunt. Error aliquam eveniet in velit. Quia animi nesciunt est accusantium velit tempore. Natus ad est expedita quia nemo.','1992-04-25 11:52:36','1980-10-15 23:08:26'),(6,'alias',6,'Ullam est possimus totam dignissimos enim in et qui. Commodi delectus tempora illum accusamus est suscipit. Quibusdam adipisci suscipit architecto molestiae et non.','1985-06-06 22:47:57','2019-07-19 13:49:45'),(7,'eius',7,'Officia voluptate quia est qui qui rerum nihil. Corrupti sint ut ab at deleniti nemo. Dolore omnis quam dolor quam dicta sunt.','1997-10-24 11:31:29','2010-02-20 07:35:31'),(8,'sit',8,'Et vel voluptas labore possimus id et. Nobis qui ipsa voluptas eaque corrupti. Molestias perspiciatis voluptatem non et. Consequatur debitis dolorum assumenda voluptas omnis voluptatem.','1989-05-26 04:57:09','1998-04-27 12:09:04'),(9,'qui',9,'Culpa officiis consectetur possimus. Enim aut esse consectetur et possimus labore aut voluptate. Eius aut eius magnam. Ad aperiam delectus aut totam et quibusdam.','2021-04-27 09:27:05','2000-10-26 17:18:46'),(10,'quisquam',10,'Facilis quas explicabo ut dolores quas animi provident pariatur. Cupiditate occaecati doloremque totam dolorem soluta et.','1993-03-19 11:10:36','1980-02-17 21:04:04'),(11,'non',11,'Fugit consequatur sint vero quibusdam rem voluptates. Sit qui consectetur eligendi eum impedit.','1971-11-09 10:37:41','1983-07-08 01:54:27'),(12,'consectetur',12,'Dolorem eos perspiciatis provident cupiditate rem animi dolor. Voluptates dolor excepturi ex distinctio et sint nulla. Ab saepe ut beatae et quia distinctio quia. Earum harum repellat adipisci sequi qui facilis non.','1972-01-01 00:30:02','1993-03-18 15:07:36'),(13,'nisi',13,'Atque voluptatibus dicta fugit consectetur animi velit a. Molestiae deserunt quia velit eius a. Et eos sed cumque quo labore labore sunt. Qui excepturi beatae provident velit.','1995-10-29 17:38:07','1974-04-17 07:02:58'),(14,'similique',14,'Dolorem cupiditate in nemo distinctio suscipit. Soluta enim aliquam consequatur iure officiis quis itaque.','1996-08-05 09:51:15','1986-03-07 20:29:12'),(15,'ducimus',15,'Autem est vitae voluptatem porro veritatis iure dolores pariatur. Ipsam accusamus nihil id. Non rem consequatur est sit aut natus suscipit. Officia et maxime esse dolore aspernatur.','2006-07-09 08:55:22','1988-07-17 01:58:16'),(16,'repudiandae',16,'Molestiae recusandae nesciunt consequatur quia unde et aspernatur. Dignissimos aut dicta sed quidem tenetur aperiam quibusdam. Nemo nulla impedit est dolor fugit. Facilis ipsa consectetur eum quis.','1981-10-04 01:36:42','1998-04-18 14:55:49'),(17,'veniam',17,'Vero modi nemo nulla. Autem omnis excepturi atque placeat dicta. Veritatis id dolorem temporibus consequatur quaerat est.','1984-12-31 16:57:00','2003-07-19 04:28:31'),(18,'omnis',18,'Voluptas officiis repellendus qui quibusdam beatae saepe. Ut fugit et libero rerum officiis sequi consequatur. Consequatur non quia eos aut velit.','1977-01-03 17:38:12','1976-09-07 10:48:58'),(19,'facilis',19,'Quis consectetur sunt occaecati non commodi porro optio. Ut debitis consequatur iste dolorum ut ratione consequatur. Magni et ipsum laborum eveniet.','1999-04-23 12:45:11','1980-02-24 06:19:34'),(20,'eveniet',20,'Dolorem magnam consequatur sapiente molestiae qui. Exercitationem laboriosam quam nemo rerum veniam.','1975-07-28 01:51:40','2001-08-09 10:44:22'),(21,'magnam',1,'Eaque aliquid quae non ut. Reiciendis ut qui unde tempore alias iusto tempora.','2017-02-10 16:32:24','2012-07-05 23:12:49'),(22,'fugit',2,'Eligendi vitae iusto enim quos est molestiae voluptas et. Exercitationem sed rem facere corrupti qui ut ut.','1972-10-02 00:35:11','2006-01-12 08:11:11'),(23,'omnis',3,'Eum reprehenderit voluptas ab consequatur distinctio quibusdam atque. Natus maxime debitis sed et. Iusto est at error quae debitis non. Non alias quas consequatur amet voluptas.','1988-09-23 16:46:20','2015-04-06 15:19:26'),(24,'quasi',4,'Rem a voluptas accusantium ut perspiciatis sunt ut nam. Alias architecto ut mollitia et libero. Consequatur culpa rerum velit aut velit enim id.','1973-12-27 21:16:39','1994-09-05 23:57:29'),(25,'sed',5,'Voluptas sed nobis perspiciatis quia voluptas perferendis voluptas consequuntur. Qui veritatis qui assumenda optio et placeat a aut. Eos vel dolore rerum quia earum dolore beatae. Qui neque doloremque aut voluptas omnis aut deleniti.','1986-08-27 09:38:20','2000-08-27 01:01:55'),(26,'voluptatibus',6,'Perspiciatis nobis nihil minus dignissimos accusamus omnis. Doloremque eos magnam tempore perspiciatis culpa nihil. Sint architecto quaerat qui rerum. Velit nihil ut earum inventore in facilis. Aliquid debitis tempore ducimus sed non accusamus officiis.','2019-05-21 14:56:38','1975-06-15 17:42:00'),(27,'aut',7,'Perspiciatis omnis optio rerum hic. Minima amet ut quo ut magnam. Maxime est dolor in voluptates rem incidunt. Delectus est perferendis ducimus non ullam quia.','2008-09-06 14:01:25','2013-07-09 15:05:14'),(28,'velit',8,'Quos rerum aliquid dolores ad assumenda omnis maiores. Quibusdam nihil fuga tenetur unde voluptate eos voluptates.','2021-01-13 21:05:23','1987-03-02 08:52:36'),(29,'odit',9,'Veniam dignissimos cupiditate perspiciatis harum sint. Illum fugit ipsa fugiat quia est vel dolorem. Praesentium enim qui sint. Qui ipsum ratione est consequatur alias sint.','1999-09-30 18:30:22','2021-03-14 06:58:21'),(30,'ex',10,'Quam nostrum voluptatem iure sunt exercitationem beatae totam consequatur. Qui eius fuga explicabo blanditiis.','2012-12-20 01:54:14','2002-08-11 03:41:56'),(31,'reiciendis',11,'Laudantium dolorum explicabo qui. Dolores non inventore consequatur quisquam facere amet rerum perferendis. Quasi molestias et magni minima.','1980-12-03 00:53:00','2010-05-17 16:22:40'),(32,'soluta',12,'Ut est voluptas dignissimos dolorem. Iste dolorem delectus rerum totam accusamus. Sapiente non eum dolorem aliquid ipsam corrupti porro.','1979-12-29 00:42:05','1975-11-11 02:43:46'),(33,'sequi',13,'Quia vel sapiente labore quo voluptatum. Qui quia maxime quasi aut est. Est aspernatur velit dolor quas. Nostrum sunt et numquam ratione eum.','1974-10-14 22:24:46','2000-04-24 21:41:38'),(34,'iusto',14,'Voluptas omnis doloremque explicabo quis nesciunt enim doloribus. Cumque quidem et dolor repellendus qui fugiat error. Nihil ullam molestiae et sit incidunt.','2018-12-04 21:48:25','2014-07-31 19:42:23'),(35,'minima',15,'Unde magnam distinctio accusamus aspernatur. Quaerat nulla occaecati et corporis voluptate sit esse. Odio fuga quibusdam officiis eum consequatur et sequi. Quia doloribus quis id consectetur possimus vel dolor.','2003-12-12 00:53:18','2000-05-06 01:49:42'),(36,'quia',16,'Ut et porro distinctio exercitationem ipsam totam. Quidem architecto deserunt qui dolor maxime animi quod voluptatem. Fugit sed non non assumenda voluptates quod et et.','1993-02-20 02:08:09','1988-08-30 09:24:09'),(37,'exercitationem',17,'Dolorum non nostrum doloribus id. Velit et repudiandae eum quidem nesciunt qui est. Aperiam qui fugiat quis nostrum.','1980-11-27 12:35:09','1989-01-20 19:38:00'),(38,'porro',18,'Eum quis laborum quam. Asperiores rem non id aut quis doloremque.','1978-03-30 15:04:08','1980-10-06 14:45:32'),(39,'et',19,'In enim sint est nulla accusamus. Doloribus vitae a molestiae et. Id nesciunt magni nesciunt nulla omnis eum et quam. Et aliquid eum et rerum commodi. Necessitatibus non unde iste ipsam occaecati debitis.','2005-12-08 22:53:33','1982-01-03 01:08:09'),(40,'eos',20,'Quam quo mollitia enim aut. Nemo adipisci quos nesciunt aliquid vel. Quo nam voluptas in exercitationem sit repellat beatae quibusdam.','1985-03-01 10:02:57','1996-04-10 23:54:52'),(41,'sit',1,'Quo ea reprehenderit laboriosam. Et et nesciunt ut consectetur aut. Vel et molestiae iusto quos atque est.','1992-02-10 07:24:52','1973-06-26 17:28:25'),(42,'optio',2,'Odio sunt perspiciatis sunt eum. Et totam ab saepe ab culpa. Nobis nesciunt magni voluptatem atque ipsa quam aut aut. Repellat dolorem omnis dolorem ut aperiam aliquid minima.','1979-02-25 10:30:21','2010-12-15 21:13:12'),(43,'commodi',3,'Recusandae aut ipsa nobis consectetur. Eius libero et rerum officiis exercitationem earum. Delectus ex illo perspiciatis modi.','1998-10-01 13:14:41','2014-03-21 18:57:24'),(44,'sit',4,'Quas voluptatum quibusdam delectus ut minima veritatis. Ratione enim fugiat et. Sint quae labore quia sint est. Dolor ducimus dolores excepturi magni. Minus dolorem minima qui ipsum accusantium quidem dolores.','2004-01-09 18:09:40','1992-08-31 10:28:05'),(45,'et',5,'Eum aliquid doloremque qui quos fuga vel. Sit vel velit qui eum ut itaque debitis. Recusandae et illo voluptates doloribus dolor ipsam.','2007-11-26 18:32:14','2021-04-06 11:26:14'),(46,'voluptas',6,'Tempore id veniam maxime dolor qui maiores odio. Earum adipisci incidunt mollitia quidem. Voluptatem accusamus explicabo repellat suscipit at. Deserunt vitae optio quasi repellat est reiciendis assumenda.','1995-01-18 04:19:18','1982-03-23 17:17:37'),(47,'ad',7,'Alias porro cupiditate odit est iure qui consequatur. Consequatur earum ea nesciunt. Blanditiis in accusamus perferendis non vero delectus consequuntur ab.','1972-06-12 00:18:28','1999-11-23 18:16:15'),(48,'recusandae',8,'Ut et ipsa voluptas itaque autem fugit aut. Voluptates ipsam sunt reiciendis autem hic consequuntur consequuntur. Dolor quam voluptatem ullam perspiciatis alias eum. Eaque dolorem porro est consectetur.','1989-12-16 10:15:52','1974-11-20 22:12:20'),(49,'culpa',9,'Excepturi occaecati voluptatem ex architecto atque quo nihil. Aut necessitatibus non nihil ipsa ipsam qui est et. Voluptas quod sed labore. Maiores aut dolore ut aut saepe.','2012-10-09 00:13:04','2005-08-31 22:27:55'),(50,'et',10,'Illo omnis in delectus consequuntur placeat non ratione. Nostrum quasi velit qui labore architecto autem quaerat. Voluptas provident veritatis voluptas inventore. Ea aliquid voluptas dolores qui quidem explicabo.','1990-01-04 15:02:42','1999-08-21 10:57:13'),(51,'enim',11,'Aliquam vitae animi voluptas in quaerat rerum. Quis dicta iste iusto. Explicabo ex sed eaque nam.','1978-03-15 20:19:33','1979-08-26 11:36:45'),(52,'corporis',12,'Et consectetur ipsa aut ex sed. Dignissimos fuga dolorem quas praesentium inventore non mollitia officiis. Dolorem dicta quisquam adipisci dolor omnis nam.','1990-09-21 23:19:14','2019-08-04 20:41:51'),(53,'impedit',13,'Sed illum qui blanditiis recusandae magni aliquid est. Eius perferendis sit necessitatibus enim non sit id. Dolor ad qui sed ut ipsam omnis eius. Ut consequatur animi sequi sunt cupiditate ut blanditiis illo.','2010-07-30 16:47:29','2006-05-01 02:23:33'),(54,'optio',14,'Similique aperiam perferendis velit beatae vel itaque. Repudiandae quo voluptatem molestias vel. Odio iusto similique non praesentium magni quo nostrum. Eaque quod voluptatem qui eveniet odit vel.','2018-08-25 22:42:32','1977-07-30 13:12:57'),(55,'expedita',15,'Illo cumque numquam officiis fugit. Voluptas molestias aut fugit fugit. Vel quia exercitationem odit assumenda eligendi.','2003-05-08 15:30:36','1987-09-23 23:05:45'),(56,'aperiam',16,'Quia amet quis quibusdam fugiat fugit ipsa. Odio amet ut dolore. Fugit quia aut aliquid.','1970-12-06 04:36:09','1996-07-10 22:53:20'),(57,'reprehenderit',17,'Laborum vel asperiores perferendis eum. Omnis non iste tempore ut veniam qui. Mollitia adipisci debitis ea facilis. Consectetur quaerat minus perspiciatis earum autem.','2017-09-18 20:43:00','1971-09-11 19:23:33'),(58,'animi',18,'Est quo est a. Tempora quam voluptatem officia nihil. Quis voluptas non ratione ullam optio. Non quibusdam recusandae atque sed ipsum.','1976-08-23 03:03:56','1992-01-24 01:11:42'),(59,'veritatis',19,'Nulla molestiae tempora dolorem nemo veritatis qui totam. Unde consequatur laudantium nam ea ipsam aut. Aut blanditiis ducimus odio quidem. Officia libero cupiditate illo numquam earum dignissimos ad ducimus.','1978-10-21 17:24:39','2010-12-23 12:50:07'),(60,'rem',20,'Iure id possimus itaque soluta. Facilis adipisci accusantium reiciendis laudantium laudantium tempora. Magnam sit incidunt aut dolorem laudantium eaque magnam. Asperiores nostrum tempora ab. Accusantium similique saepe aut excepturi et culpa cum.','1986-05-08 19:07:00','2014-11-22 21:07:17'),(61,'ipsum',1,'Porro quod ut debitis aliquid qui. Velit quae aut omnis assumenda soluta enim. Et saepe aliquam totam aliquam saepe dicta. Vel omnis ipsam dicta natus totam.','2004-07-12 13:43:13','1989-01-17 16:06:13'),(62,'neque',2,'Nemo ullam libero inventore suscipit et ipsum delectus. Explicabo asperiores earum sunt vel vero minima ab. Temporibus sit sunt est harum ut quis consequatur.','1977-03-17 16:23:42','1998-10-15 21:59:53'),(63,'nam',3,'Eligendi commodi rerum itaque sunt quia. Velit quo voluptatum cupiditate consequatur. Aut nulla aliquid enim cupiditate culpa eum quae.','2007-11-13 15:47:12','2003-04-26 15:49:38'),(64,'velit',4,'Animi maiores atque vitae natus ut quia. Delectus et natus nemo voluptatibus accusamus ut maxime fugit. Quaerat praesentium sit qui labore amet.','1995-05-31 13:03:26','1981-04-09 14:12:22'),(65,'in',5,'Est eos et libero repellendus dolor amet rerum. Autem et ipsam ut quisquam. Rem voluptate pariatur fugiat. Repudiandae at omnis assumenda quia qui consectetur qui ea. Incidunt officia suscipit aut cupiditate itaque.','1975-03-12 22:08:24','1984-08-01 19:32:19'),(66,'et',6,'Eos repellat incidunt esse ex eum dolore aperiam. Quas illum rerum nobis ratione et provident placeat facilis. Reiciendis modi quo ea aut. Voluptatem maxime doloribus itaque.','2002-02-22 09:32:45','1977-05-21 12:51:54'),(67,'alias',7,'Facere qui perspiciatis vero expedita enim sapiente. Ut consequuntur iure quibusdam. Facere facere odio modi quia. Tempore aut quis ut rem distinctio voluptates esse. Aliquid nisi veritatis velit quaerat maiores dicta at.','1987-10-10 15:13:37','2018-11-04 21:57:27'),(68,'rerum',8,'Et officia distinctio occaecati natus. Odit culpa ut voluptate quis odio. Voluptatibus nulla dolorem vero ut. Similique ratione minus voluptatem repudiandae eum harum ratione reprehenderit. Officiis omnis qui inventore doloremque fugit vel odit.','2019-07-16 12:55:08','2001-12-27 09:24:55'),(69,'beatae',9,'Et fugiat iure voluptas consequatur maxime et veniam. Et eos et maiores voluptas eveniet sapiente quo fugiat. Voluptatibus voluptatum earum quis qui harum sunt. Non vel et soluta.','1996-09-14 10:08:06','1979-05-01 06:25:50'),(70,'dolore',10,'Sit aut ut adipisci inventore ut maiores excepturi. Non quia incidunt alias voluptatem sint debitis nihil.','1989-07-21 03:49:05','1987-11-17 04:43:38'),(71,'consequatur',11,'Porro aut quia et odit. Quibusdam officia blanditiis veniam laudantium tempora. Est iure dolores exercitationem iure non praesentium.','2002-11-22 16:24:45','1991-09-08 01:42:20'),(72,'sed',12,'Et facilis maiores non facilis animi. Aut sunt quod facere consequuntur doloribus pariatur iure. Distinctio omnis qui et mollitia necessitatibus est nostrum voluptatem.','1992-07-13 19:30:34','2014-06-16 20:05:28'),(73,'explicabo',13,'Fugiat distinctio deserunt alias ullam quo ducimus. Sed quam ipsa impedit iusto et asperiores quasi. Eveniet voluptatibus non consectetur ipsum porro harum.','2001-07-04 12:49:12','2020-07-02 16:19:30'),(74,'molestias',14,'Et non sint maiores mollitia odit eos id. Aliquam sapiente consequatur ex quia nesciunt rerum vel. Accusantium aut quos consequuntur laborum dolorem non aliquam.','1985-01-10 05:32:59','2017-08-15 02:17:15'),(75,'quis',15,'Sapiente aut sed temporibus est. Consequatur sit neque nam modi tenetur distinctio ab voluptatem. Nemo id hic quis. Porro reprehenderit autem maxime odit.','1991-06-06 21:08:55','1991-09-30 15:51:30'),(76,'ipsum',16,'Labore asperiores sequi aspernatur. Tenetur aut et hic fuga. Enim ad non esse vero dolorem.','2006-08-12 10:17:48','1978-11-01 12:13:09'),(77,'nesciunt',17,'Minus fuga beatae voluptas. Eius nesciunt dolore ad qui ex omnis aperiam optio. Et labore magnam enim omnis voluptatem voluptas eaque. Eligendi et tempore a eius sunt omnis.','1995-12-07 08:53:56','2008-10-11 22:30:21'),(78,'consequatur',18,'Consequatur officia accusamus quod. Eos id asperiores beatae nihil dolore. Blanditiis quos voluptate veritatis animi.','1984-10-03 13:15:51','2018-11-23 19:01:03'),(79,'molestiae',19,'Cupiditate et voluptatibus eos et cupiditate. Reprehenderit aut debitis error aut et laudantium repudiandae.','1999-08-19 09:30:55','2014-07-26 15:45:49'),(80,'vel',20,'Velit nihil quo est quia. Ad et autem omnis impedit. Culpa deserunt et dolores est explicabo.','2008-12-03 17:26:10','1972-01-20 00:01:11'),(81,'sapiente',1,'Unde dolorem nam autem ipsum non sit soluta sit. Odio reprehenderit est molestiae repellat et in. Qui pariatur est doloribus reprehenderit ea repellat eveniet.','1974-06-24 19:32:06','1994-02-17 10:44:18'),(82,'asperiores',2,'Voluptates facere id est voluptates consequatur. Provident est quidem explicabo et voluptate placeat. Voluptatem dolor et at consequatur maxime quos.','1970-04-14 16:04:31','2016-04-30 22:04:34'),(83,'expedita',3,'Eum voluptate sit doloribus similique voluptatem. Placeat et et libero quibusdam sint. Est atque cumque sapiente repudiandae ullam deleniti.','1992-08-01 01:03:00','2009-07-20 03:15:06'),(84,'est',4,'Quisquam dolorum porro ratione quod error dolor molestiae. Ea autem rem eveniet aperiam aut hic. Et sed sapiente suscipit doloremque omnis.','1984-07-27 15:23:15','1994-03-29 12:29:08'),(85,'quia',5,'Saepe quis hic rerum. Velit dicta ducimus perferendis atque esse illum. Qui ut molestias sit et.','1998-10-08 16:11:51','1977-04-06 12:37:18'),(86,'est',6,'Voluptatibus hic facere dolores cum. Non possimus aut enim dicta dolores consectetur autem.','2015-03-13 08:56:57','2010-02-18 19:27:07'),(87,'tempore',7,'Aliquid voluptate neque eius ipsa quasi corporis similique minima. Soluta dolorem labore laborum quod aut. Ex et placeat velit temporibus. Id deleniti nisi veniam quis et ut.','1986-02-17 00:11:59','1974-10-09 17:22:12'),(88,'esse',8,'Impedit ut perspiciatis dignissimos voluptate beatae nihil. Et voluptas voluptatem optio repellat non aliquid repellat. Omnis consequuntur eos sint minima recusandae omnis.','2005-02-18 10:41:34','2012-04-24 06:05:13'),(89,'voluptas',9,'Dolorem omnis doloremque voluptatibus aliquam ratione aut. Officia vel doloremque modi rerum. Consequatur sunt earum dolores itaque. Sequi dolor ipsa similique autem.','1999-02-13 00:25:17','1978-11-27 22:27:22'),(90,'debitis',10,'Expedita odit ut minima excepturi. Repellendus soluta omnis mollitia rerum fugiat et optio. Facere perferendis eos repudiandae consequatur est vel.','1977-08-13 23:44:06','2002-04-15 12:44:23'),(91,'quod',11,'Nulla rerum consequatur esse illum qui et voluptatem. Officiis maiores aut sint earum. Consequuntur exercitationem eaque debitis dolorem autem voluptates quidem. Id est neque sint occaecati.','1987-04-03 15:05:00','2007-08-01 14:45:58'),(92,'unde',12,'Maxime et atque assumenda omnis reiciendis quia. Saepe omnis commodi maxime quasi velit. Temporibus doloribus dignissimos eos laborum.','1975-03-07 04:08:20','1976-09-24 18:24:18'),(93,'eos',13,'Voluptates quia illo cum voluptas est distinctio quidem. Deleniti officiis asperiores quod placeat eligendi. Sunt sit ipsam laborum explicabo et. Quis eum aut omnis. Et est debitis odit id consectetur optio.','2014-12-08 04:07:52','2017-04-12 09:30:29'),(94,'cumque',14,'Inventore aspernatur quos quo expedita. Voluptas est aut minus mollitia animi et autem. Quidem nesciunt aspernatur quaerat. Pariatur id eaque assumenda.','1985-09-18 07:52:58','1999-08-24 10:45:17'),(95,'fuga',15,'Eos in eaque et libero assumenda est architecto. Laudantium rem animi veniam saepe. Reiciendis ut debitis aut sunt voluptates magni. Recusandae dolor totam et modi.','1989-02-23 09:34:43','1994-09-06 14:22:51'),(96,'ut',16,'Numquam magni nulla repudiandae aut et fugit. Sequi quisquam doloremque natus numquam veritatis ullam. Est delectus laboriosam cum dolores necessitatibus.','2017-03-25 23:11:33','1986-11-04 13:22:32'),(97,'mollitia',17,'Eum quo molestias architecto ullam aut et. Nesciunt illo eum odit necessitatibus quod tempora. Minus necessitatibus vel delectus perferendis. Animi et sint aut amet nostrum ad praesentium quis. Eum et voluptas et voluptate occaecati animi nam repellendus.','2008-01-26 05:12:47','1987-04-04 15:02:46'),(98,'veniam',18,'Et magnam consequatur eos asperiores esse. Omnis sapiente sint et dolore quis. Eaque et voluptatem dolorum voluptas qui at. Et culpa alias possimus dolor illum veritatis.','1970-03-15 06:27:05','1988-11-08 12:26:02'),(99,'at',19,'Nobis mollitia dolor vel rerum. Nisi dignissimos soluta soluta harum. Velit aut nulla quia quia.','2003-05-27 16:19:38','2005-10-18 00:42:01'),(100,'quam',20,'Delectus quasi ea assumenda impedit sint voluptatum voluptatibus. Deserunt sequi voluptas dignissimos animi ut minima. Quia vitae quis dolorum libero.','1986-02-05 04:33:48','1983-06-19 12:20:58');
/*!40000 ALTER TABLE `goods` ENABLE KEYS */;
UNLOCK TABLES;
/*!50003 SET @saved_cs_client      = @@character_set_client */ ;
/*!50003 SET @saved_cs_results     = @@character_set_results */ ;
/*!50003 SET @saved_col_connection = @@collation_connection */ ;
/*!50003 SET character_set_client  = utf8mb4 */ ;
/*!50003 SET character_set_results = utf8mb4 */ ;
/*!50003 SET collation_connection  = utf8mb4_0900_ai_ci */ ;
/*!50003 SET @saved_sql_mode       = @@sql_mode */ ;
/*!50003 SET sql_mode              = 'ONLY_FULL_GROUP_BY,STRICT_TRANS_TABLES,NO_ZERO_IN_DATE,NO_ZERO_DATE,ERROR_FOR_DIVISION_BY_ZERO,NO_ENGINE_SUBSTITUTION' */ ;
DELIMITER ;;
/*!50003 CREATE*/ /*!50017 DEFINER=`dmitry`@`localhost`*/ /*!50003 TRIGGER `validate_name_description_update` BEFORE UPDATE ON `goods` FOR EACH ROW BEGIN
  IF NEW.name IS NULL AND NEW.description IS NULL THEN
    SIGNAL SQLSTATE '45000'
    SET MESSAGE_TEXT = 'Both product name and product description are NULL';
  END IF;
END */;;
DELIMITER ;
/*!50003 SET sql_mode              = @saved_sql_mode */ ;
/*!50003 SET character_set_client  = @saved_cs_client */ ;
/*!50003 SET character_set_results = @saved_cs_results */ ;
/*!50003 SET collation_connection  = @saved_col_connection */ ;

--
-- Table structure for table `orders`
--

DROP TABLE IF EXISTS `orders`;
/*!40101 SET @saved_cs_client     = @@character_set_client */;
/*!50503 SET character_set_client = utf8mb4 */;
CREATE TABLE `orders` (
  `id` int unsigned NOT NULL AUTO_INCREMENT COMMENT 'Идентификатор строки',
  `customer_id` int NOT NULL COMMENT 'идентификатор покупателя',
  `good_id` int NOT NULL COMMENT 'идентификатор покупателя',
  `status` enum('new','in processing','paied','delivered') CHARACTER SET utf8mb4 COLLATE utf8mb4_unicode_ci NOT NULL COMMENT 'статус заказа',
  `created_at` datetime DEFAULT CURRENT_TIMESTAMP COMMENT 'Время создания строки',
  `updated_at` datetime DEFAULT CURRENT_TIMESTAMP ON UPDATE CURRENT_TIMESTAMP COMMENT 'Время обновления строки',
  PRIMARY KEY (`id`),
  KEY `orders_to_customers_id_fk` (`customer_id`),
  KEY `orders_to_goods_id_fk` (`good_id`),
  CONSTRAINT `orders_to_customers_id_fk` FOREIGN KEY (`customer_id`) REFERENCES `customers` (`id`),
  CONSTRAINT `orders_to_goods_id_fk` FOREIGN KEY (`good_id`) REFERENCES `goods` (`id`)
) ENGINE=InnoDB AUTO_INCREMENT=101 DEFAULT CHARSET=utf8mb4 COLLATE=utf8mb4_unicode_ci COMMENT='заказы';
/*!40101 SET character_set_client = @saved_cs_client */;

--
-- Dumping data for table `orders`
--

LOCK TABLES `orders` WRITE;
/*!40000 ALTER TABLE `orders` DISABLE KEYS */;
INSERT INTO `orders` VALUES (1,47,69,'new','1985-11-17 05:51:21','2021-08-14 20:55:59'),(2,19,93,'new','1984-03-02 15:47:45','2021-08-14 20:55:59'),(3,53,59,'paied','1992-06-25 04:49:50','2021-08-14 20:55:59'),(4,7,14,'delivered','1993-10-11 21:03:10','2021-08-14 20:55:59'),(5,78,94,'in processing','1990-11-18 19:38:02','2021-08-14 20:55:59'),(6,66,26,'in processing','1972-03-22 21:06:32','2021-08-14 20:55:59'),(7,95,46,'new','2016-06-03 20:30:55','2021-08-14 20:55:59'),(8,79,55,'in processing','2016-03-12 02:12:44','2021-08-14 20:55:59'),(9,9,34,'new','2021-03-10 19:57:06','2021-08-14 20:55:59'),(10,8,4,'in processing','1996-04-30 13:57:03','2021-08-14 20:55:59'),(11,13,19,'delivered','1982-07-31 16:57:04','2021-08-14 20:55:59'),(12,39,82,'new','1977-10-15 10:34:03','2021-08-14 20:55:59'),(13,57,54,'new','1978-05-10 03:47:12','2021-08-14 20:55:59'),(14,69,24,'paied','2006-03-13 15:04:55','2021-08-14 20:55:59'),(15,71,58,'delivered','1978-09-08 02:21:07','2021-08-14 20:55:59'),(16,50,17,'in processing','1999-08-14 13:41:17','2021-08-14 20:55:59'),(17,34,12,'new','1985-08-21 07:14:03','2021-08-14 20:55:59'),(18,20,8,'delivered','1988-07-20 05:56:21','2021-08-14 20:55:59'),(19,98,2,'delivered','2014-03-14 09:37:20','2021-08-14 20:55:59'),(20,28,84,'delivered','1972-01-01 04:22:15','2021-08-14 20:55:59'),(21,45,17,'delivered','1984-04-19 01:13:47','2021-08-14 20:55:59'),(22,41,31,'paied','1978-01-09 14:25:22','2021-08-14 20:55:59'),(23,70,3,'new','2005-11-24 12:51:12','2021-08-14 20:55:59'),(24,26,24,'in processing','1980-02-13 20:01:28','2021-08-14 20:55:38'),(25,20,9,'paied','1974-08-08 22:33:11','2021-08-14 20:55:59'),(26,21,73,'delivered','2018-10-01 13:03:22','2021-08-14 20:55:59'),(27,46,39,'delivered','1998-01-31 10:44:45','2021-08-14 20:55:59'),(28,67,74,'in processing','2019-08-08 16:25:36','2021-08-14 20:55:59'),(29,94,54,'in processing','1975-08-26 08:45:19','2021-08-14 20:55:59'),(30,69,45,'in processing','1980-07-11 12:58:38','2021-08-14 20:55:59'),(31,64,65,'paied','1992-12-04 00:47:56','2021-08-14 20:55:59'),(32,10,87,'in processing','1986-04-28 15:33:44','2021-08-14 20:55:59'),(33,59,40,'in processing','1974-02-20 06:38:42','2021-08-14 20:55:59'),(34,65,41,'new','1984-05-26 21:57:02','2021-08-14 20:55:59'),(35,48,82,'paied','1978-04-29 22:52:43','2021-08-14 20:55:59'),(36,43,87,'delivered','1999-10-18 09:50:16','2021-08-14 20:55:59'),(37,71,87,'paied','1996-12-13 13:33:14','2021-08-14 20:55:59'),(38,27,77,'new','1992-05-27 17:00:45','2021-08-14 20:55:59'),(39,21,21,'delivered','1989-07-27 06:22:30','2021-08-14 20:55:59'),(40,21,74,'new','2007-11-27 11:01:12','2021-08-14 20:55:59'),(41,45,5,'in processing','1999-11-25 06:07:22','2021-08-14 20:55:59'),(42,60,3,'delivered','2003-03-16 08:34:02','2021-08-14 20:55:59'),(43,66,100,'delivered','1980-01-11 17:56:18','2021-08-14 20:55:59'),(44,48,92,'paied','1985-06-11 10:30:14','2021-08-14 20:55:59'),(45,40,59,'in processing','1980-05-29 04:17:14','2021-08-14 20:55:59'),(46,57,17,'delivered','1985-08-02 23:13:59','2021-08-14 20:55:59'),(47,65,8,'paied','2019-07-11 02:25:05','2021-08-14 20:55:59'),(48,52,87,'delivered','1970-06-28 01:55:33','2021-08-14 20:55:59'),(49,67,10,'delivered','2011-02-15 23:35:12','2021-08-14 20:55:59'),(50,75,89,'new','2008-12-06 01:49:35','2021-08-14 20:55:59'),(51,77,13,'paied','1992-05-12 12:33:09','2021-08-14 20:55:59'),(52,59,99,'paied','1983-12-10 10:45:05','2021-08-14 20:55:59'),(53,62,57,'in processing','1979-07-28 11:44:58','2021-08-14 20:55:59'),(54,32,86,'new','1995-05-16 17:31:28','2021-08-14 20:55:59'),(55,72,57,'delivered','2011-04-19 12:51:14','2021-08-14 20:55:59'),(56,67,30,'in processing','1985-10-23 21:09:23','2021-08-14 20:55:59'),(57,17,76,'new','2009-11-06 17:03:46','2021-08-14 20:55:59'),(58,84,91,'delivered','1996-10-09 09:30:22','2021-08-14 20:55:59'),(59,70,24,'paied','2018-10-04 03:14:36','2021-08-14 20:55:59'),(60,97,50,'paied','1983-07-10 01:41:36','2021-08-14 20:55:59'),(61,76,74,'in processing','2018-09-18 05:01:22','2021-08-14 20:55:59'),(62,86,21,'in processing','2004-12-06 10:10:45','2021-08-14 20:55:59'),(63,4,82,'paied','1974-02-16 20:43:55','2021-08-14 20:55:59'),(64,58,47,'paied','1997-03-21 10:37:13','2021-08-14 20:55:59'),(65,80,88,'in processing','1973-06-27 09:09:40','2021-08-14 20:55:59'),(66,25,98,'delivered','1990-01-17 10:11:07','2021-08-14 20:55:59'),(67,86,27,'new','1977-08-02 02:48:31','2021-08-14 20:55:59'),(68,55,40,'delivered','1987-12-14 10:50:14','2021-08-14 20:55:59'),(69,16,19,'in processing','2013-06-30 18:03:13','2021-08-14 20:55:59'),(70,15,74,'delivered','2017-12-02 17:45:08','2021-08-14 20:55:59'),(71,24,10,'new','2007-12-28 00:45:18','2021-08-14 20:55:59'),(72,76,31,'new','2019-01-23 12:46:28','2021-08-14 20:55:59'),(73,9,24,'new','1998-08-08 19:17:25','2021-08-14 20:55:59'),(74,14,27,'paied','2015-11-27 19:39:37','2021-08-14 20:55:59'),(75,45,61,'new','1984-04-12 20:54:02','2021-08-14 20:55:59'),(76,82,23,'paied','1989-06-04 04:04:35','2021-08-14 20:55:59'),(77,74,32,'new','2001-02-03 06:24:55','2021-08-14 20:55:59'),(78,22,92,'delivered','2001-08-24 23:22:15','2021-08-14 20:55:59'),(79,88,62,'new','2007-09-06 03:37:19','2021-08-14 20:55:59'),(80,75,34,'in processing','1996-12-06 12:03:02','2021-08-14 20:55:59'),(81,10,85,'in processing','2005-08-06 19:52:06','2021-08-14 20:55:59'),(82,26,21,'new','1984-08-28 05:10:58','2021-08-14 20:55:59'),(83,97,52,'paied','1977-09-25 02:39:16','2021-08-14 20:55:59'),(84,7,94,'paied','1970-01-16 19:55:48','2021-08-14 20:55:59'),(85,44,13,'delivered','1973-04-25 18:37:01','2021-08-14 20:55:59'),(86,97,82,'new','1970-07-04 19:53:50','2021-08-14 20:55:59'),(87,52,72,'new','1996-02-11 12:45:22','2021-08-14 20:55:59'),(88,68,12,'delivered','1974-08-08 19:42:55','2021-08-14 20:55:59'),(89,86,43,'paied','2009-04-12 04:36:08','2021-08-14 20:55:59'),(90,26,79,'in processing','1976-12-13 05:00:32','2021-08-14 20:55:59'),(91,72,65,'paied','2014-10-22 16:20:41','2021-08-14 20:55:59'),(92,79,86,'in processing','1991-03-22 18:01:10','2021-08-14 20:55:59'),(93,80,36,'delivered','1970-01-13 18:24:22','2021-08-14 20:55:59'),(94,64,19,'delivered','2015-10-31 06:01:42','2021-08-14 20:55:59'),(95,78,90,'new','1986-06-16 08:02:55','2021-08-14 20:55:59'),(96,97,91,'new','2016-04-06 02:37:17','2021-08-14 20:55:59'),(97,50,85,'paied','2010-05-15 09:51:22','2021-08-14 20:55:59'),(98,57,51,'delivered','1987-05-16 21:21:57','2021-08-14 20:55:59'),(99,38,100,'paied','1990-03-20 22:03:59','2021-08-14 20:55:59'),(100,17,45,'new','1974-11-03 07:06:06','2021-08-14 20:55:59');
/*!40000 ALTER TABLE `orders` ENABLE KEYS */;
UNLOCK TABLES;

--
-- Table structure for table `prices`
--

DROP TABLE IF EXISTS `prices`;
/*!40101 SET @saved_cs_client     = @@character_set_client */;
/*!50503 SET character_set_client = utf8mb4 */;
CREATE TABLE `prices` (
  `id` int unsigned NOT NULL AUTO_INCREMENT COMMENT 'Идентификатор строки',
  `good_id` int NOT NULL COMMENT 'ссылка на идентификатор товара',
  `category_id` int NOT NULL COMMENT 'ссылка на категорию таваров',
  `price` decimal(38,0) NOT NULL COMMENT 'цена товара',
  `created_at` datetime DEFAULT CURRENT_TIMESTAMP COMMENT 'Время создания строки',
  `updated_at` datetime DEFAULT CURRENT_TIMESTAMP ON UPDATE CURRENT_TIMESTAMP COMMENT 'Время обновления строки',
  `promo_id` int DEFAULT NULL,
  PRIMARY KEY (`id`),
  KEY `prices_to_category_id_fk` (`category_id`),
  KEY `prices_to_promo_id_fk` (`promo_id`),
  CONSTRAINT `prices_to_category_id_fk` FOREIGN KEY (`category_id`) REFERENCES `categories` (`id`),
  CONSTRAINT `prices_to_promo_id_fk` FOREIGN KEY (`promo_id`) REFERENCES `promo` (`id`)
) ENGINE=InnoDB AUTO_INCREMENT=101 DEFAULT CHARSET=utf8mb4 COLLATE=utf8mb4_unicode_ci COMMENT='Цены';
/*!40101 SET character_set_client = @saved_cs_client */;

--
-- Dumping data for table `prices`
--

LOCK TABLES `prices` WRITE;
/*!40000 ALTER TABLE `prices` DISABLE KEYS */;
INSERT INTO `prices` VALUES (1,95,19,118939400,'1988-08-30 12:14:11','2021-08-19 16:01:26',2),(2,71,1,0,'1982-09-19 08:05:41','2021-08-19 16:01:26',1),(3,72,8,2,'2010-03-08 11:15:32','2021-08-19 16:01:26',1),(4,44,18,3414,'2003-04-10 19:49:19','2021-08-19 16:01:26',3),(5,4,4,30802957,'2011-01-10 01:55:53','2021-08-19 16:01:26',3),(6,88,4,517257763,'1986-05-26 19:18:25','2021-08-19 16:01:26',2),(7,26,7,3823,'1993-03-13 12:02:21','2021-08-19 16:01:26',1),(8,68,4,2325596,'1970-11-23 17:36:46','2021-08-19 16:01:26',2),(9,62,19,7,'1994-12-01 23:27:33','2021-08-19 16:01:26',2),(10,5,1,0,'1987-05-01 03:41:28','2021-08-19 16:01:26',3),(11,36,10,327,'2003-05-26 04:08:58','2021-08-19 16:01:26',1),(12,67,4,0,'1976-08-16 08:02:09','2021-08-19 16:01:26',2),(13,27,11,99586342,'1983-09-07 23:51:18','2021-08-19 16:01:26',2),(14,33,1,659500,'1971-09-19 02:44:33','2021-08-19 16:01:26',2),(15,82,12,389048,'2012-04-17 04:08:07','2021-08-19 16:01:26',1),(16,13,17,220,'2018-05-28 11:57:30','2021-08-19 16:01:26',3),(17,18,10,28563,'1988-03-23 15:05:12','2021-08-19 16:01:26',2),(18,49,15,0,'2017-01-12 01:47:32','2021-08-19 16:01:26',2),(19,91,8,16,'2015-04-11 15:39:20','2021-08-19 16:01:26',1),(20,6,13,197141015,'1973-12-25 04:13:10','2021-08-19 16:01:26',1),(21,58,1,179,'2006-11-09 17:20:03','2021-08-19 16:01:26',1),(22,72,3,546,'2016-04-02 14:07:45','2021-08-19 16:01:26',2),(23,86,15,25821,'1997-01-29 02:52:04','2021-08-19 16:01:26',2),(24,13,2,23,'1975-03-19 08:56:08','2021-08-19 16:01:26',2),(25,6,7,326103508,'1998-07-26 20:53:00','2021-08-19 16:01:26',3),(26,92,8,0,'1974-11-21 19:15:39','2021-08-19 16:01:26',1),(27,42,19,2326067,'1990-05-01 22:45:44','2021-08-19 16:01:26',2),(28,32,12,3545575,'2008-02-04 21:34:42','2021-08-19 16:01:26',3),(29,36,2,0,'1973-06-29 23:49:50','2021-08-19 16:01:26',2),(30,81,11,19537,'1981-09-26 11:00:12','2021-08-19 16:01:26',2),(31,98,10,866635,'1980-05-24 15:37:40','2021-08-19 16:01:26',1),(32,48,18,2,'2019-12-31 02:45:52','2021-08-19 16:01:26',2),(33,43,19,0,'1992-04-11 01:20:34','2021-08-19 16:01:26',1),(34,72,19,6219,'1991-09-18 03:34:21','2021-08-19 16:01:26',2),(35,30,17,0,'1996-10-17 16:54:42','2021-08-19 16:01:26',1),(36,32,8,2,'1971-02-14 05:39:09','2021-08-19 16:01:26',3),(37,71,8,44350,'1974-09-14 09:53:19','2021-08-19 16:01:26',1),(38,59,16,0,'2002-02-05 15:45:55','2021-08-19 16:01:26',3),(39,82,17,21767,'2019-02-11 17:25:00','2021-08-19 16:01:26',1),(40,33,14,2618,'1982-02-11 21:20:25','2021-08-19 16:01:26',2),(41,18,20,583,'1987-02-09 07:35:31','2021-08-19 16:01:26',1),(42,91,16,161,'2020-03-23 13:26:48','2021-08-19 16:01:26',2),(43,98,19,67,'2001-01-02 22:20:47','2021-08-19 16:01:26',1),(44,17,6,967,'1999-01-15 17:34:40','2021-08-19 16:01:26',2),(45,93,12,25992572,'1984-09-05 09:25:19','2021-08-19 16:01:26',3),(46,11,1,4351355,'2004-07-16 23:46:15','2021-08-19 16:01:26',3),(47,77,10,0,'1993-07-11 22:24:35','2021-08-19 16:01:26',2),(48,49,7,2578676,'2018-10-08 23:47:02','2021-08-19 16:01:26',3),(49,17,4,224045121,'1992-10-21 00:40:29','2021-08-19 16:01:26',3),(50,36,18,180776,'1991-09-17 17:39:38','2021-08-19 16:01:26',1),(51,29,20,19,'2014-02-08 11:19:58','2021-08-19 16:01:26',2),(52,35,3,0,'1977-03-14 15:11:29','2021-08-19 16:01:26',1),(53,88,14,91,'1981-08-12 18:20:23','2021-08-19 16:01:26',1),(54,34,3,0,'1993-07-24 01:25:25','2021-08-19 16:01:26',2),(55,5,11,41770,'1990-05-22 05:08:39','2021-08-19 16:01:26',2),(56,25,8,4594,'2013-02-20 16:00:00','2021-08-19 16:01:26',2),(57,10,3,466,'1971-09-19 01:25:15','2021-08-19 16:01:26',3),(58,72,12,162661,'1971-07-01 11:18:08','2021-08-19 16:01:26',3),(59,30,10,5947,'2017-06-06 01:56:56','2021-08-19 16:01:26',1),(60,33,16,17114203,'1991-06-07 22:07:52','2021-08-19 16:01:26',2),(61,74,7,0,'1989-11-26 16:44:26','2021-08-19 16:01:26',1),(62,69,9,1,'1982-10-19 23:05:41','2021-08-19 16:01:26',1),(63,26,20,257335703,'1999-06-19 12:44:36','2021-08-19 16:01:26',1),(64,21,16,23052,'2005-12-18 01:43:27','2021-08-19 16:01:26',3),(65,27,17,0,'1973-05-01 11:47:48','2021-08-19 16:01:26',3),(66,72,17,6251,'2002-05-30 16:15:54','2021-08-19 16:01:26',3),(67,78,12,283286,'2003-02-05 04:44:00','2021-08-19 16:01:26',3),(68,76,9,22571,'1977-01-18 17:58:27','2021-08-19 16:01:26',3),(69,42,9,298611256,'1989-02-22 22:13:48','2021-08-19 16:01:26',1),(70,82,17,2384694,'2020-09-18 19:54:26','2021-08-19 16:01:26',1),(71,86,20,0,'2011-02-01 07:18:12','2021-08-19 16:01:26',1),(72,83,5,232552,'1974-07-21 00:49:55','2021-08-19 16:01:26',1),(73,54,7,6371631,'1998-05-23 05:53:41','2021-08-19 16:01:26',3),(74,21,18,1,'1981-05-27 16:26:35','2021-08-19 16:01:26',2),(75,45,9,5226,'1975-06-13 18:36:25','2021-08-19 16:01:26',3),(76,58,10,1940191,'1974-08-03 01:39:27','2021-08-19 16:01:26',1),(77,58,4,0,'2018-07-15 03:16:00','2021-08-19 16:01:26',3),(78,13,7,0,'1995-08-17 09:41:29','2021-08-19 16:01:26',3),(79,91,6,3,'1999-01-30 11:11:38','2021-08-19 16:01:26',3),(80,14,5,130334,'2003-06-16 20:52:55','2021-08-19 16:01:26',1),(81,97,7,11240,'2017-03-02 02:16:30','2021-08-19 16:01:26',2),(82,44,20,465319,'1982-12-02 22:56:59','2021-08-19 16:01:26',3),(83,28,16,3195722,'1996-07-15 23:18:47','2021-08-19 16:01:26',1),(84,6,3,4614,'1995-07-14 19:25:05','2021-08-19 16:01:26',3),(85,47,7,301945,'1970-11-18 11:35:06','2021-08-19 16:01:26',1),(86,15,3,46465,'1972-04-20 22:03:14','2021-08-19 16:01:26',3),(87,32,16,0,'2005-07-16 19:09:32','2021-08-19 16:01:26',2),(88,17,10,33371882,'1991-07-16 03:59:28','2021-08-19 16:01:26',3),(89,87,2,3,'2015-05-01 22:02:04','2021-08-19 16:01:26',2),(90,86,17,7,'2014-05-23 02:29:39','2021-08-19 16:01:26',2),(91,67,20,37,'1972-03-03 05:47:41','2021-08-19 16:01:26',1),(92,77,10,1,'1992-07-12 22:54:08','2021-08-19 16:01:26',1),(93,82,9,256,'1991-12-08 15:43:08','2021-08-19 16:01:26',2),(94,78,14,137,'2004-04-23 01:54:50','2021-08-19 16:01:26',3),(95,43,3,79083251,'2014-11-29 13:29:47','2021-08-19 16:01:26',3),(96,83,14,19027428,'1988-06-06 18:10:26','2021-08-19 16:01:26',3),(97,86,20,114,'1983-02-12 03:38:26','2021-08-19 16:01:26',3),(98,79,18,1658197,'1979-02-22 15:08:01','2021-08-19 16:01:26',3),(99,38,10,0,'2019-02-10 07:30:37','2021-08-19 16:01:26',3),(100,54,14,17,'2015-10-13 03:49:26','2021-08-19 16:01:26',3);
/*!40000 ALTER TABLE `prices` ENABLE KEYS */;
UNLOCK TABLES;

--
-- Table structure for table `profiles`
--

DROP TABLE IF EXISTS `profiles`;
/*!40101 SET @saved_cs_client     = @@character_set_client */;
/*!50503 SET character_set_client = utf8mb4 */;
CREATE TABLE `profiles` (
  `user_id` int unsigned NOT NULL COMMENT 'Ссылка на ID покупателя',
  `birthday` date DEFAULT NULL COMMENT 'Дата рождения',
  `city_id` int unsigned DEFAULT NULL COMMENT 'Ссылка на город проживания',
  `created_at` datetime DEFAULT CURRENT_TIMESTAMP COMMENT 'Время создания строки',
  `updated_at` datetime DEFAULT CURRENT_TIMESTAMP ON UPDATE CURRENT_TIMESTAMP COMMENT 'Время обновления строки',
  `gender_id` int DEFAULT NULL,
  PRIMARY KEY (`user_id`),
  KEY `profiles_to_genders_id_fk` (`gender_id`),
  KEY `profiles_to_cities_id_fk` (`city_id`),
  CONSTRAINT `profiles_to_cities_id_fk` FOREIGN KEY (`city_id`) REFERENCES `cities` (`id`),
  CONSTRAINT `profiles_to_genders_id_fk` FOREIGN KEY (`gender_id`) REFERENCES `genders` (`id`)
) ENGINE=InnoDB DEFAULT CHARSET=utf8mb4 COLLATE=utf8mb4_unicode_ci COMMENT='Профили';
/*!40101 SET character_set_client = @saved_cs_client */;

--
-- Dumping data for table `profiles`
--

LOCK TABLES `profiles` WRITE;
/*!40000 ALTER TABLE `profiles` DISABLE KEYS */;
INSERT INTO `profiles` VALUES (1,'2017-06-13',71,'1998-10-15 13:59:46','2021-08-14 20:54:08',NULL),(2,'2008-09-18',39,'2015-03-08 01:39:42','2021-08-14 20:54:08',NULL),(3,'2007-10-21',81,'1973-09-03 23:56:42','2021-08-14 20:54:08',NULL),(4,'1976-08-29',87,'1992-12-28 21:50:20','2021-08-14 20:54:08',NULL),(5,'2006-02-01',92,'1979-11-12 00:40:26','2021-08-14 20:54:08',NULL),(6,'1989-04-25',100,'1986-04-09 05:14:32','2021-08-14 20:54:08',NULL),(7,'1996-04-21',21,'2002-04-30 22:06:45','2021-08-14 20:54:08',NULL),(8,'2019-01-08',4,'1990-05-16 19:25:58','2021-08-14 20:54:08',NULL),(9,'1989-03-26',59,'2018-03-14 04:53:26','2021-08-14 20:54:08',NULL),(10,'1980-01-06',82,'2008-05-03 03:23:19','2021-08-14 20:54:08',NULL),(11,'1993-02-21',33,'1976-10-18 23:41:49','2021-08-14 20:54:08',NULL),(12,'1997-11-22',18,'1985-05-04 19:35:20','2021-08-14 20:54:08',NULL),(13,'1991-12-25',90,'1985-03-14 15:58:04','2021-08-14 20:54:08',NULL),(14,'2012-04-13',94,'2006-11-20 16:19:51','2021-08-14 20:54:08',NULL),(15,'2002-08-16',100,'1998-01-01 16:54:13','2021-08-14 20:54:08',NULL),(16,'1998-06-09',19,'1976-01-04 07:25:59','2021-08-14 20:54:08',NULL),(17,'1981-10-16',93,'1979-06-12 00:58:00','2021-08-14 20:54:08',NULL),(18,'1977-06-05',10,'1977-04-17 03:27:11','2021-08-14 20:54:08',NULL),(19,'1973-07-09',69,'2011-03-04 03:27:27','2021-08-14 20:54:08',NULL),(20,'2010-06-27',13,'1996-04-29 11:15:25','2021-08-14 20:54:08',NULL),(21,'1989-03-08',60,'1982-03-18 08:23:13','2021-08-14 20:54:08',NULL),(22,'2004-12-07',58,'2016-11-08 21:44:52','2021-08-14 20:54:08',NULL),(23,'2000-06-03',10,'1976-10-16 23:05:27','2021-08-14 20:54:08',NULL),(24,'2007-08-03',76,'2008-08-13 11:11:11','2021-08-14 20:54:08',NULL),(25,'1994-11-22',51,'1973-07-06 19:12:43','2021-08-14 20:54:08',NULL),(26,'1970-01-10',27,'2011-10-06 12:56:19','2021-08-14 20:54:08',NULL),(27,'1999-11-20',82,'2007-04-02 10:00:02','2021-08-14 20:54:08',NULL),(28,'1986-11-14',29,'1982-03-21 15:02:41','2021-08-14 20:54:08',NULL),(29,'1981-07-09',98,'2010-10-24 04:36:24','2021-08-14 20:54:08',NULL),(30,'2012-12-28',100,'1981-02-05 00:19:54','2021-08-14 20:54:08',NULL),(31,'1975-04-28',9,'1992-11-30 12:44:15','2021-08-14 20:54:08',NULL),(32,'2000-04-12',43,'1986-02-19 03:06:10','2021-08-14 20:54:08',NULL),(33,'1999-05-09',86,'1985-01-17 09:55:05','2021-08-14 20:54:08',NULL),(34,'2005-09-18',3,'1981-11-12 07:17:15','2021-08-14 20:54:08',NULL),(35,'1970-01-07',56,'1999-02-01 06:47:19','2021-08-14 20:54:08',NULL),(36,'1998-11-14',72,'1997-10-13 21:18:33','2021-08-14 20:54:08',NULL),(37,'2002-08-16',91,'1978-08-26 22:03:06','2021-08-14 20:54:08',NULL),(38,'1986-03-26',36,'1971-02-25 12:00:18','2021-08-14 20:54:08',NULL),(39,'2004-04-09',7,'1972-10-20 03:56:03','2021-08-14 20:54:08',NULL),(40,'1976-03-17',28,'2015-05-28 08:06:20','2021-08-14 20:54:08',NULL),(41,'1972-08-01',19,'2018-12-12 14:09:41','2021-08-14 20:54:08',NULL),(42,'1975-10-30',11,'1994-02-09 08:00:18','2021-08-14 20:54:08',NULL),(43,'1999-06-30',96,'2006-11-12 17:19:51','2021-08-14 20:54:08',NULL),(44,'2007-05-07',48,'2006-06-30 08:05:05','2021-08-14 20:54:08',NULL),(45,'1983-03-26',50,'1986-05-30 03:02:57','2021-08-14 20:54:08',NULL),(46,'2014-08-02',6,'1994-03-10 11:50:53','2021-08-14 20:54:08',NULL),(47,'1973-10-30',81,'2016-02-13 11:29:04','2021-08-14 20:54:08',NULL),(48,'1999-09-27',85,'2004-04-21 11:07:08','2021-08-14 20:54:08',NULL),(49,'1978-03-19',82,'1994-05-15 18:15:54','2021-08-14 20:54:08',NULL),(50,'2001-04-04',54,'1998-03-22 23:53:24','2021-08-14 20:54:08',NULL),(51,'1979-09-01',22,'2011-03-11 17:13:44','2021-08-14 20:54:08',NULL),(52,'2006-01-10',48,'2013-10-05 23:46:18','2021-08-14 20:54:08',NULL),(53,'2010-01-14',74,'1981-03-24 03:00:31','2021-08-14 20:54:08',NULL),(54,'1972-05-18',25,'1974-12-01 15:52:15','2021-08-14 20:54:08',NULL),(55,'2008-06-12',4,'1980-10-27 19:17:15','2021-08-14 20:54:08',NULL),(56,'1982-06-15',45,'1971-12-05 16:25:47','2021-08-14 20:54:08',NULL),(57,'1997-05-02',10,'1975-01-31 07:49:35','2021-08-14 20:54:08',NULL),(58,'2002-08-28',15,'1971-02-03 16:07:22','2021-08-14 20:54:08',NULL),(59,'1989-06-05',43,'2000-11-08 17:30:28','2021-08-14 20:54:08',NULL),(60,'1995-02-26',73,'1995-07-30 06:00:17','2021-08-14 20:54:08',NULL),(61,'1971-01-24',33,'2014-03-08 07:10:43','2021-08-14 20:54:08',NULL),(62,'1971-12-31',48,'2002-12-01 09:14:06','2021-08-14 20:54:08',NULL),(63,'2010-10-06',38,'1978-06-22 16:00:50','2021-08-14 20:54:08',NULL),(64,'2018-04-21',44,'2017-08-15 11:47:43','2021-08-14 20:54:08',NULL),(65,'1979-10-05',8,'1989-08-16 22:30:22','2021-08-14 20:54:08',NULL),(66,'1982-07-24',8,'1972-08-13 18:48:58','2021-08-14 20:54:08',NULL),(67,'1994-10-07',13,'1975-07-25 09:00:25','2021-08-14 20:54:08',NULL),(68,'1997-05-05',43,'1972-03-18 13:34:10','2021-08-14 20:54:08',NULL),(69,'1972-03-22',73,'1972-02-02 18:48:34','2021-08-14 20:54:08',NULL),(70,'1978-09-10',35,'2005-06-18 08:58:30','2021-08-14 20:54:08',NULL),(71,'2001-11-13',55,'1979-12-11 10:34:02','2021-08-14 20:54:08',NULL),(72,'1987-10-03',72,'2001-05-22 07:58:18','1988-02-12 08:35:30',NULL),(73,'1998-12-22',92,'2010-07-23 01:15:03','2021-08-14 20:54:08',NULL),(74,'1972-01-21',45,'1987-07-19 05:43:24','2021-08-14 20:54:08',NULL),(75,'2021-04-12',49,'1992-01-29 08:09:33','2021-08-14 20:54:08',NULL),(76,'1997-08-14',7,'1981-09-04 20:54:40','2021-08-14 20:54:08',NULL),(77,'2017-05-10',89,'1992-03-01 11:14:39','2021-08-14 20:54:08',NULL),(78,'1998-04-25',22,'2009-06-24 12:06:51','2021-08-14 20:54:08',NULL),(79,'1984-06-15',42,'2004-05-01 14:22:31','2021-08-14 20:54:08',NULL),(80,'1999-11-06',44,'1976-10-12 04:51:00','2021-08-14 20:54:08',NULL),(81,'1997-06-15',92,'2012-01-23 04:39:22','2021-08-14 20:54:08',NULL),(82,'1999-02-07',29,'1986-05-02 19:09:30','2021-08-14 20:54:08',NULL),(83,'1978-03-09',69,'2012-03-28 05:37:38','2021-08-14 20:54:08',NULL),(84,'1986-05-03',56,'2017-12-07 16:27:04','2021-08-14 20:54:08',NULL),(85,'1977-04-11',75,'2007-10-14 20:27:47','2021-08-14 20:54:08',NULL),(86,'1985-03-09',5,'1981-08-22 23:33:49','2021-08-14 20:54:08',NULL),(87,'1994-04-30',98,'1991-09-04 06:58:30','2021-08-14 20:54:08',NULL),(88,'2011-11-14',74,'1992-03-27 02:30:26','2021-08-14 20:54:08',NULL),(89,'2001-07-30',78,'2004-04-01 21:18:24','2021-08-14 20:54:08',NULL),(90,'1990-03-01',65,'1983-02-26 11:04:33','2021-08-14 20:54:08',NULL),(91,'2016-04-08',92,'1980-05-16 04:24:58','2021-08-14 20:54:08',NULL),(92,'2016-08-24',65,'1979-04-27 17:32:15','2021-08-14 20:54:08',NULL),(93,'1970-07-22',46,'1988-01-14 20:02:01','2021-08-14 20:54:08',NULL),(94,'1975-08-19',36,'1984-12-25 03:28:53','2021-08-14 20:54:08',NULL),(95,'2013-02-11',42,'1995-12-25 21:46:25','2021-08-14 20:54:08',NULL),(96,'2007-01-21',1,'1978-01-03 09:32:08','2021-08-14 20:54:08',NULL),(97,'2019-04-13',78,'2007-12-14 18:51:26','2021-08-14 20:54:08',NULL),(98,'1975-12-23',85,'2000-07-02 20:26:53','2021-08-14 20:54:08',NULL),(99,'1978-01-13',92,'1997-01-19 22:28:03','2021-08-14 20:54:08',NULL),(100,'1974-07-02',5,'2014-04-12 13:37:21','2021-08-14 20:54:08',NULL);
/*!40000 ALTER TABLE `profiles` ENABLE KEYS */;
UNLOCK TABLES;

--
-- Table structure for table `promo`
--

DROP TABLE IF EXISTS `promo`;
/*!40101 SET @saved_cs_client     = @@character_set_client */;
/*!50503 SET character_set_client = utf8mb4 */;
CREATE TABLE `promo` (
  `id` int NOT NULL AUTO_INCREMENT,
  `category_id` int NOT NULL,
  `discount_amt` decimal(38,0) DEFAULT NULL,
  PRIMARY KEY (`id`),
  KEY `promo_to_categories_id_fk` (`category_id`),
  CONSTRAINT `promo_to_categories_id_fk` FOREIGN KEY (`category_id`) REFERENCES `categories` (`id`)
) ENGINE=InnoDB AUTO_INCREMENT=4 DEFAULT CHARSET=utf8mb4 COLLATE=utf8mb4_0900_ai_ci;
/*!40101 SET character_set_client = @saved_cs_client */;

--
-- Dumping data for table `promo`
--

LOCK TABLES `promo` WRITE;
/*!40000 ALTER TABLE `promo` DISABLE KEYS */;
INSERT INTO `promo` VALUES (1,4,1),(2,10,0),(3,7,0);
/*!40000 ALTER TABLE `promo` ENABLE KEYS */;
UNLOCK TABLES;

--
-- Temporary view structure for view `promo_goods`
--

DROP TABLE IF EXISTS `promo_goods`;
/*!50001 DROP VIEW IF EXISTS `promo_goods`*/;
SET @saved_cs_client     = @@character_set_client;
/*!50503 SET character_set_client = utf8mb4 */;
/*!50001 CREATE VIEW `promo_goods` AS SELECT 
 1 AS `id`,
 1 AS `product_name`,
 1 AS `category`,
 1 AS `promo_price`*/;
SET character_set_client = @saved_cs_client;

--
-- Final view structure for view `customers_details`
--

/*!50001 DROP VIEW IF EXISTS `customers_details`*/;
/*!50001 SET @saved_cs_client          = @@character_set_client */;
/*!50001 SET @saved_cs_results         = @@character_set_results */;
/*!50001 SET @saved_col_connection     = @@collation_connection */;
/*!50001 SET character_set_client      = utf8mb4 */;
/*!50001 SET character_set_results     = utf8mb4 */;
/*!50001 SET collation_connection      = utf8mb4_0900_ai_ci */;
/*!50001 CREATE ALGORITHM=UNDEFINED */
/*!50013 DEFINER=`dmitry`@`localhost` SQL SECURITY DEFINER */
/*!50001 VIEW `customers_details` AS select `cu`.`id` AS `id`,`cu`.`first_name` AS `first_name`,`cu`.`last_name` AS `last_name`,`cu`.`email` AS `email`,`cu`.`phone` AS `phone`,`p`.`birthday` AS `birthday`,`c`.`name` AS `city`,`g`.`name` AS `gender` from (((`customers` `cu` join `profiles` `p` on((`cu`.`id` = `p`.`user_id`))) join `cities` `c` on((`p`.`city_id` = `c`.`id`))) join `genders` `g` on((`p`.`gender_id` = `g`.`id`))) */;
/*!50001 SET character_set_client      = @saved_cs_client */;
/*!50001 SET character_set_results     = @saved_cs_results */;
/*!50001 SET collation_connection      = @saved_col_connection */;

--
-- Final view structure for view `promo_goods`
--

/*!50001 DROP VIEW IF EXISTS `promo_goods`*/;
/*!50001 SET @saved_cs_client          = @@character_set_client */;
/*!50001 SET @saved_cs_results         = @@character_set_results */;
/*!50001 SET @saved_col_connection     = @@collation_connection */;
/*!50001 SET character_set_client      = utf8mb4 */;
/*!50001 SET character_set_results     = utf8mb4 */;
/*!50001 SET collation_connection      = utf8mb4_0900_ai_ci */;
/*!50001 CREATE ALGORITHM=UNDEFINED */
/*!50013 DEFINER=`dmitry`@`localhost` SQL SECURITY DEFINER */
/*!50001 VIEW `promo_goods` AS select `g`.`id` AS `id`,`g`.`name` AS `product_name`,`c`.`category_name` AS `category`,(`p`.`price` - (`p`.`price` * `pr`.`discount_amt`)) AS `promo_price` from (((`goods` `g` join `prices` `p` on((`g`.`id` = `p`.`good_id`))) join `categories` `c` on((`p`.`category_id` = `c`.`id`))) join `promo` `pr` on((`p`.`category_id` = `pr`.`category_id`))) */;
/*!50001 SET character_set_client      = @saved_cs_client */;
/*!50001 SET character_set_results     = @saved_cs_results */;
/*!50001 SET collation_connection      = @saved_col_connection */;
/*!40103 SET TIME_ZONE=@OLD_TIME_ZONE */;

/*!40101 SET SQL_MODE=@OLD_SQL_MODE */;
/*!40014 SET FOREIGN_KEY_CHECKS=@OLD_FOREIGN_KEY_CHECKS */;
/*!40014 SET UNIQUE_CHECKS=@OLD_UNIQUE_CHECKS */;
/*!40101 SET CHARACTER_SET_CLIENT=@OLD_CHARACTER_SET_CLIENT */;
/*!40101 SET CHARACTER_SET_RESULTS=@OLD_CHARACTER_SET_RESULTS */;
/*!40101 SET COLLATION_CONNECTION=@OLD_COLLATION_CONNECTION */;
/*!40111 SET SQL_NOTES=@OLD_SQL_NOTES */;

-- Dump completed on 2021-08-19 19:17:32
